29312,13920,15392,9600
31248,15376,15872,9120
30960,15216,15744,10320
31440,15936,15504,8000
32576,15888,16688,8160
30512,15040,15472,10560
29888,14208,15680,8880
29616,14816,14800,10080
31168,15856,15312,10800
32912,15552,17360,9040
31024,15280,15744,9280
31472,16224,15248,9600
30016,14880,15136,9440
29872,14544,15328,10320
32096,15584,16512,9360
31568,15392,16176,8240
28848,14208,14640,9360
26368,13248,13120,8000
28640,14416,14224,9280
28304,13824,14480,9440
28224,13696,14528,7600
28000,13296,14704,8320
28384,14336,14048,7760
26144,13040,13104,7200
27504,13216,14288,9600
27728,13840,13888,7520
28064,13104,14960,8560
27872,13488,14384,10960
30272,15312,14960,11760
30112,14896,15216,9040
29408,14080,15328,8160
28912,14000,14912,8720
31136,15552,15584,9520
30240,15248,14992,8880
29504,14464,15040,7920
29584,14256,15328,9680
30944,15392,15552,8400
29440,14448,14992,10400
29616,14848,14768,9280
31664,14976,16688,9040
31392,15264,16128,9440
29968,14304,15664,8080
32080,15888,16192,11600
32960,15904,17056,9360
28848,13776,15072,10560
29136,14240,14896,8400
32560,16096,16464,10080
33136,16656,16480,10640
34416,16976,17440,10720
32848,16240,16608,10320
34384,16320,18064,10320
32944,15776,17168,9920
34112,16736,17376,11760
31232,15616,15616,11600
30944,15376,15568,8160
33488,16064,17424,11920
30176,14704,15472,8640
30592,15168,15424,11440
32208,15840,16368,11680
31184,15488,15696,8400
30464,14960,15504,9440
28848,14240,14608,9440
31104,15840,15264,9680
29696,14960,14736,9200
30624,15008,15616,10480
29728,15472,14256,11760
27456,13712,13744,8640
28096,13520,14576,7680
28992,15184,13808,9280
34128,17088,17040,10800
33264,15744,17520,9600
31072,15296,15776,11760
32672,15056,17616,10320
29984,14928,15056,9120
32928,16000,16928,10560
29600,15008,14592,10400
29408,14544,14864,10160
27504,13312,14192,8720
29536,14384,15152,8880
32368,15392,16976,8960
29776,15296,14480,10160
31680,15184,16496,9200
32208,16112,16096,8880
32784,16144,16640,9600
27776,13200,14576,8560
27696,13760,13936,7680
28832,14192,14640,9920
28896,14704,14192,8480
28048,12944,15104,8160
27856,13760,14096,9120
26656,13248,13408,7920
28464,14240,14224,7040
28096,13856,14240,9680
30144,15088,15056,10320
32560,16288,16272,10240
30048,14672,15376,11200
31728,15088,16640,9440
30896,14960,15936,9520
29248,14176,15072,9680
31776,15136,16640,11680
32448,16352,16096,11600
31968,15728,16240,9040
28672,14080,14592,9600
30240,14848,15392,9200
28560,14256,14304,10720
27488,13216,14272,9280
28608,14080,14528,9120
26512,12912,13600,8480
28816,14096,14720,9920
27968,13904,14064,8960
31440,15360,16080,9360
32816,16096,16720,9920
31168,15248,15920,10560
29872,15152,14720,9120
29120,14944,14176,9920
32144,16128,16016,10320
32304,16064,16240,10240
32064,16240,15824,9440
30912,15440,15472,9840
28576,14064,14512,8720
31056,14560,16496,10720
32512,15680,16832,10080
32800,15664,17136,8800
33088,16400,16688,9360
31296,15424,15872,10560
32608,15600,17008,10400
32128,16112,16016,10080
31568,15552,16016,10880
31616,15904,15712,10080
31472,14640,16832,9600
30368,15616,14752,7600
32800,16272,16528,8880
32080,16256,15824,9200
31232,15072,16160,9680
32896,15760,17136,9600
29424,14176,15248,9600
29744,14960,14784,8320
28960,14688,14272,8640
28128,14400,13728,7120
27248,13648,13600,8320
29664,14720,14944,7440
30560,14672,15888,10960
27920,13472,14448,7600
28768,14000,14768,10800
27920,14176,13744,9200
27824,13680,14144,8960
26672,13888,12784,7600
26656,13152,13504,8720
30304,15552,14752,9680
28080,14272,13808,8800
28208,13808,14400,9840
29088,15264,13824,9280
28736,13968,14768,9200
27760,13728,14032,10080
29344,14256,15088,8720
27152,13472,13680,7440
28688,13680,15008,9280
27072,13344,13728,7600
29104,13392,15712,10800
31248,15296,15952,10400
31312,15248,16064,9200
31088,15424,15664,9040
29392,14736,14656,9200
28496,14064,14432,8560
27760,14112,13648,6720
26736,12864,13872,8320
25424,11808,13616,7680
29168,14752,14416,8960
28608,14976,13632,8880
28080,14144,13936,7600
30016,14672,15344,10080
30128,14496,15632,7760
28544,13792,14752,8320
28176,13824,14352,8800
29360,14608,14752,9280
28288,14560,13728,7920
30016,14800,15216,8240
29760,14784,14976,8800
28768,13440,15328,7680
28848,14400,14448,10160
29056,14720,14336,8640
28336,14080,14256,8400
27808,13936,13872,8000
26240,12896,13344,7680
24784,12096,12688,8080
26704,13296,13408,7680
26448,13504,12944,7200
26272,12832,13440,8720
25312,12416,12896,7600
26544,12992,13552,8560
27760,14096,13664,9360
26592,13056,13536,9680
27600,13504,14096,9280
26992,12656,14336,7200
25728,12928,12800,8400
28208,14336,13872,9200
26416,13072,13344,8640
25760,13088,12672,7920
28976,14512,14464,8400
29888,14512,15376,9040
28032,13872,14160,7680
27872,13568,14304,7520
29952,15408,14544,9840
31056,15776,15280,8880
29024,15072,13952,8400
27952,14384,13568,10080
30144,15568,14576,9120
28128,13984,14144,9200
27600,13536,14064,9360
25824,13056,12768,7600
25296,12416,12880,8000
26208,12912,13296,7200
27328,13728,13600,8960
26688,13040,13648,8240
27856,13376,14480,9600
30816,15664,15152,9360
27136,13648,13488,7360
25632,12608,13024,8960
29584,14144,15440,10720
27936,13872,14064,8800
27904,14352,13552,9760
29360,14480,14880,8880
29776,14912,14864,9120
31344,15088,16256,9920
29680,15040,14640,8480
26912,13408,13504,8720
25264,12304,12960,7840
25904,13040,12864,6400
24448,12512,11936,8080
26192,12960,13232,7680
26832,13680,13152,8800
27168,14016,13152,8400
26896,13248,13648,7200
25296,12176,13120,7600
25232,12320,12912,8320
25936,12704,13232,7760
24160,11536,12624,8400
22272,11232,11040,6480
24256,12160,12096,6960
25056,12736,12320,8800
27264,13280,13984,7200
23936,12128,11808,7920
25056,12272,12784,8000
24304,12160,12144,8000
26848,13280,13568,7520
26976,12864,14112,8880
26112,12784,13328,8240
27264,13632,13632,7200
26592,13280,13312,10160
26032,12880,13152,7360
24256,11648,12608,7600
26752,13536,13216,8080
27168,13536,13632,8480
26384,12640,13744,8880
26112,13040,13072,8400
23200,11760,11440,7920
22384,11888,10496,6480
25104,12704,12400,7120
27904,13952,13952,8880
26000,12896,13104,8880
23728,11552,12176,7360
24112,12096,12016,8240
23408,11568,11840,8960
25728,12752,12976,8480
24992,12032,12960,7040
25408,12304,13104,7680
25984,12864,13120,7600
28560,13808,14752,9600
28992,13936,15056,9840
28944,14384,14560,7840
25456,12544,12912,7040
25360,12976,12384,8240
27632,13760,13872,9200
29120,14800,14320,8160
30208,14096,16112,9520
29136,14032,15104,8000
26016,12560,13456,8880
25680,12032,13648,6720
26256,12624,13632,8320
25392,12528,12864,7040
25408,12864,12544,6960
22624,11104,11520,6720
22352,11440,10912,5840
23232,11296,11936,7600
23088,11072,12016,8640
26512,13168,13344,8080
26480,12608,13872,8320
24624,11504,13120,8400
25824,12784,13040,7280
27712,13584,14128,9120
31120,15152,15968,9280
30928,15760,15168,10000
32560,16304,16256,10720
32592,15904,16688,8640
32848,15936,16912,10400
30560,14656,15904,9600
28848,14560,14288,7360
27680,13744,13936,8720
27744,13632,14112,9280
29408,14640,14768,8480
30416,14528,15888,11120
28064,14304,13760,8800
28624,14496,14128,8320
31360,15104,16256,10080
30432,14336,16096,7760
27680,13360,14320,8640
27072,13088,13984,8960
28608,13888,14720,8240
27056,13088,13968,7120
27952,14192,13760,9040
30368,14512,15856,9520
31296,15248,16048,9520
27696,13360,14336,8320
30064,15216,14848,9760
28896,13824,15072,8320
27584,13424,14160,8480
28032,13984,14048,8880
27568,14064,13504,7360
24656,11600,13056,7040
22832,11344,11488,7760
24144,12160,11984,8000
24896,12912,11984,8720
23728,11552,12176,7200
22464,11696,10768,7280
22768,11072,11696,8080
26816,13408,13408,7040
27264,13776,13488,7920
28608,14624,13984,9120
27808,13328,14480,9200
28976,14240,14736,8160
25696,12640,13056,8800
26752,13024,13728,8880
28656,14464,14192,7360
27088,13664,13424,7760
26800,13344,13456,8400
26320,12640,13680,7360
27424,13856,13568,6800
23824,11952,11872,7840
26448,13504,12944,7280
29840,14592,15248,9440
27824,13920,13904,8080
27808,14064,13744,7440
27232,13312,13920,8720
26160,13344,12816,10320
27376,13264,14112,8160
28592,13520,15072,7760
27328,13472,13856,8960
26400,13232,13168,8880
28416,13824,14592,8720
29840,14512,15328,7040
29600,14480,15120,9680
26992,13600,13392,8160
25696,13088,12608,7120
24752,12176,12576,6640
21920,10880,11040,7680
25760,12416,13344,7840
26288,13280,13008,10000
25056,12640,12416,7120
26032,13632,12400,9520
24352,12048,12304,7920
25008,12224,12784,7520
26208,12992,13216,7680
24112,12064,12048,7280
21712,11056,10656,5600
24592,11952,12640,8400
26704,13696,13008,8080
26400,12864,13536,7360
25584,13328,12256,7200
24464,12368,12096,7040
25248,12768,12480,7520
26384,13664,12720,8400
25696,12432,13264,8160
24368,12480,11888,7040
24544,12432,12112,8080
25392,12528,12864,7760
27184,12992,14192,8080
25136,12688,12448,7280
26672,13136,13536,8480
26448,13184,13264,8160
26624,12800,13824,9520
27184,13808,13376,8960
27808,13936,13872,9680
26576,13280,13296,7440
28080,14080,14000,8000
26272,13232,13040,7440
27328,13632,13696,8720
24880,12192,12688,8800
22976,11312,11664,6800
23552,11952,11600,7040
24224,11840,12384,7680
26672,12848,13824,7520
28544,14048,14496,8720
27920,14208,13712,7920
27056,12896,14160,7680
24448,12320,12128,6400
24464,12560,11904,8640
22528,10992,11536,6800
21776,10784,10992,5040
24528,12624,11904,6960
25248,13072,12176,8480
23920,11264,12656,8320
26192,13088,13104,7760
24000,11376,12624,7680
26368,13552,12816,8080
25424,13216,12208,8320
24352,11744,12608,8080
23344,11040,12304,7840
23216,11824,11392,7360
21776,10896,10880,7120
23408,11456,11952,7680
24000,11616,12384,8560
23504,12208,11296,8240
23920,11904,12016,7280
24016,11504,12512,8400
22256,11776,10480,6720
23104,11952,11152,8160
23088,11024,12064,7040
22800,11856,10944,8640
22976,11776,11200,6080
22384,11792,10592,5760
23184,11648,11536,7760
22992,11712,11280,6880
22304,11504,10800,7200
21680,11280,10400,7040
21568,10736,10832,6400
21360,10608,10752,7360
20064,9856,10208,6960
19664,9952,9712,5440
18368,9232,9136,7440
19856,9984,9872,6720
23824,11760,12064,6800
22144,11232,10912,8720
21824,10544,11280,7200
25984,12256,13728,7280
24480,11984,12496,6320
23776,11856,11920,7680
23408,11504,11904,7280
23696,12000,11696,6960
26848,12800,14048,6480
26448,13472,12976,8720
29120,14384,14736,10720
27344,13264,14080,7200
27168,13824,13344,9440
27936,13904,14032,7600
27504,13680,13824,9520
27632,13728,13904,10480
27440,13296,14144,8880
27696,14000,13696,8720
28544,14064,14480,10560
29568,14848,14720,9840
28288,14416,13872,8000
27264,13312,13952,7840
26832,12896,13936,8880
28592,14096,14496,8720
27648,14016,13632,8160
28416,13664,14752,7920
27824,13568,14256,9520
28816,14384,14432,9120
30416,15360,15056,8560
28768,14416,14352,9920
26688,13008,13680,8160
26448,13280,13168,8800
24448,12176,12272,6160
20800,10432,10368,7920
23216,11664,11552,7440
26336,13024,13312,8480
23664,11552,12112,7280
24288,12112,12176,6400
23872,11984,11888,8000
26384,13568,12816,7040
25424,12336,13088,8400
24496,12192,12304,8560
27232,13312,13920,7680
25824,13200,12624,7600
28912,13824,15088,8880
28352,14416,13936,8160
26992,13312,13680,8160
29968,14496,15472,10240
26672,13952,12720,6880
27952,13952,14000,9680
