25392,13664,11728,10080
23904,12480,11424,7760
26224,14336,11888,8880
25664,13584,12080,9440
24160,12656,11504,8720
19744,10448,9296,5920
18528,9840,8688,6000
17920,10560,7360,6400
13744,7312,6432,4080
14096,7504,6592,4800
16800,9280,7520,4480
13664,7440,6224,4400
16496,8928,7568,5200
21488,11760,9728,7760
20352,10304,10048,6560
18352,9728,8624,5680
21840,11536,10304,6800
17312,9264,8048,4480
17712,9520,8192,5520
19552,10000,9552,5600
16912,9056,7856,5280
13984,7488,6496,5280
13808,7248,6560,4320
13232,7328,5904,5520
14384,7808,6576,4000
11760,6432,5328,5440
10800,5856,4944,2880
11104,5840,5264,3280
10848,6016,4832,4080
10304,5920,4384,3360
10704,5824,4880,3840
10240,5472,4768,3520
10096,5200,4896,3920
9104,5232,3872,3280
9888,5200,4688,3520
9584,5360,4224,3920
11520,6224,5296,3760
10928,5792,5136,4160
11184,6064,5120,3040
11296,6112,5184,3280
9632,5456,4176,2640
10416,5568,4848,3840
9968,5504,4464,2800
10176,5280,4896,2480
9904,5360,4544,2960
9696,5264,4432,2400
9968,5408,4560,4160
9728,5152,4576,3520
9376,4880,4496,3040
9776,5536,4240,4080
8960,5024,3936,3440
9104,4976,4128,3280
9184,5360,3824,2400
9808,5056,4752,3280
9392,5456,3936,3520
9936,5232,4704,3120
9888,5552,4336,4000
9392,4832,4560,3440
10000,5616,4384,4480
8672,4704,3968,3520
8528,4736,3792,4160
9440,4704,4736,3760
9264,5024,4240,3120
11120,5904,5216,3840
9488,5248,4240,3280
9392,5168,4224,3120
9424,5216,4208,3600
9248,4640,4608,3600
9552,5184,4368,4400
9408,5008,4400,3760
9664,5200,4464,3840
10944,5920,5024,3920
10880,5920,4960,5360
10448,5056,5392,4080
12416,6080,6336,4960
11408,5520,5888,3680
10928,5792,5136,3520
11216,5744,5472,3600
10672,5120,5552,3760
12144,6336,5808,4640
11632,6000,5632,5200
13968,7024,6944,4640
12768,6496,6272,5120
13232,6736,6496,5040
12112,5904,6208,4320
14384,6784,7600,5600
14800,7024,7776,6160
14912,7760,7152,4800
13584,6672,6912,4880
13552,7216,6336,5360
14448,7344,7104,7360
14272,7424,6848,5120
12960,6480,6480,4720
14736,7472,7264,6320
15376,8688,6688,5440
17152,8256,8896,5200
15904,7440,8464,5520
14416,7296,7120,4960
17936,9072,8864,6000
18368,9040,9328,5840
17344,8528,8816,6880
17136,8608,8528,5680
17248,8256,8992,5360
21664,10624,11040,8000
24768,11792,12976,10640
26160,12720,13440,8160
26960,13216,13744,8320
27456,12928,14528,8560
26976,12848,14128,8080
23904,12080,11824,7120
29040,14832,14208,8960
31664,15936,15728,9120
30496,14992,15504,10560
28000,14160,13840,9440
30432,15184,15248,10560
31216,15120,16096,10640
31776,15200,16576,10560
31760,15712,16048,9920
31424,14896,16528,11680
32128,15296,16832,10080
30800,15296,15504,9280
32144,15840,16304,11360
33936,16640,17296,12560
33776,16064,17712,11200
34880,16864,18016,11680
35248,17248,18000,11360
36960,17808,19152,11920
37536,18256,19280,11280
36304,17952,18352,12560
35696,16512,19184,13200
34720,17024,17696,12160
34304,16608,17696,13120
36992,18352,18640,13920
36544,17248,19296,12080
37920,18304,19616,13680
39600,19136,20464,12640
38224,19024,19200,11680
38912,19744,19168,11760
38272,18560,19712,13680
38560,19360,19200,14320
39792,18992,20800,14480
41744,20480,21264,13360
40592,19152,21440,14640
38896,19792,19104,13280
40608,19872,20736,14480
40496,18736,21760,16480
44736,21104,23632,14560
41696,19664,22032,14000
40656,19824,20832,12000
43664,20976,22688,11760
41392,19920,21472,13600
42816,20688,22128,13920
39744,19040,20704,13760
40272,19760,20512,15200
39424,18832,20592,12560
41216,20192,21024,14640
40592,20192,20400,15360
42736,20896,21840,15760
43504,20912,22592,16560
44256,21600,22656,14880
44016,21968,22048,15280
42800,20864,21936,14240
41040,19968,21072,13440
41664,20400,21264,14960
44624,21888,22736,15760
45216,22624,22592,16320
43584,19968,23616,16560
43952,21280,22672,16400
45520,21936,23584,13600
45824,21968,23856,14720
44752,21872,22880,15600
42864,20768,22096,13200
42896,20928,21968,15680
43936,21472,22464,13520
42096,20464,21632,14080
41824,20256,21568,13520
40640,20608,20032,14880
42560,20960,21600,13600
42640,19984,22656,13520
40896,19744,21152,16240
41520,19968,21552,15520
41408,19488,21920,13920
44720,21440,23280,12640
43728,21120,22608,14160
42304,19744,22560,13040
42608,20768,21840,14240
43360,21248,22112,16720
46400,22912,23488,15040
43520,21184,22336,16480
41456,19824,21632,13840
41328,20160,21168,12640
41984,20496,21488,14320
41056,19632,21424,13520
42368,20432,21936,13040
42528,20240,22288,14560
42352,19424,22928,13120
41344,19440,21904,11680
43216,21072,22144,13920
45184,22240,22944,14640
45312,21312,24000,15120
43392,20128,23264,13680
44144,21248,22896,15520
44736,21920,22816,13840
42480,20304,22176,14480
43376,19952,23424,14400
38864,19152,19712,12400
40688,20064,20624,13440
39392,19408,19984,12240
41392,20544,20848,12960
41248,20208,21040,14640
38720,18400,20320,12480
36496,17904,18592,13120
37840,19088,18752,12320
38688,18496,20192,13920
42176,20128,22048,12080
40944,20368,20576,13120
39376,18352,21024,14080
40032,19632,20400,12720
38000,18656,19344,13040
40176,19600,20576,13680
38688,18752,19936,12640
40096,20576,19520,12560
36928,18784,18144,12720
37056,17776,19280,11440
37616,18128,19488,14560
38480,18096,20384,12880
38512,18816,19696,13120
39456,19120,20336,13200
37744,18400,19344,12640
40288,19472,20816,12000
38256,18224,20032,13200
40848,19552,21296,13600
39936,19312,20624,14160
38400,18320,20080,14080
38176,19152,19024,13600
40704,19552,21152,13760
37344,17984,19360,9840
35136,17312,17824,11680
36304,17280,19024,11520
34688,16736,17952,13040
35648,17424,18224,11120
34048,16720,17328,11760
33504,15632,17872,10320
35312,17056,18256,11440
37408,18496,18912,10080
37120,17616,19504,12800
36288,16960,19328,10880
39520,18928,20592,14480
37520,18992,18528,11280
36608,17536,19072,10640
38208,18112,20096,12000
38704,18768,19936,14000
37968,17936,20032,11680
36368,17360,19008,10560
32592,15392,17200,9440
33008,16592,16416,11440
32512,15520,16992,10960
32064,15488,16576,10560
32448,15168,17280,9040
33424,16192,17232,11760
36496,18032,18464,11200
34784,17088,17696,11040
34208,17376,16832,9760
35888,17376,18512,9600
36224,18256,17968,13600
35584,16720,18864,11520
32832,15904,16928,11040
33920,16656,17264,12000
35200,17120,18080,12720
36080,17792,18288,11360
33728,16640,17088,10240
33216,16624,16592,11040
34416,16368,18048,11120
32912,15776,17136,10240
35472,17104,18368,13760
35376,17216,18160,12160
34624,16544,18080,11360
32992,15824,17168,11040
34784,17088,17696,11200
33728,16432,17296,10400
33376,15664,17712,8880
32480,15888,16592,9440
31968,16000,15968,10160
32704,16016,16688,11200
32784,15664,17120,10000
30640,14336,16304,10640
31424,15520,15904,11360
32464,15696,16768,11680
33008,15472,17536,12160
32544,15872,16672,10800
31264,15680,15584,9440
35152,16912,18240,11440
34272,16656,17616,10160
33200,15904,17296,12240
33616,16592,17024,11840
35216,17296,17920,10160
31632,15488,16144,11520
31952,15888,16064,11600
33200,16464,16736,11120
32720,15792,16928,10400
31024,15392,15632,7520
33824,17088,16736,12000
32928,15888,17040,9920
32976,15504,17472,10320
34736,16368,18368,11680
36064,17024,19040,12160
33776,16128,17648,10000
34336,16880,17456,11760
34272,16848,17424,12080
34096,16384,17712,11440
32800,15696,17104,12400
33504,16352,17152,11280
30432,14864,15568,8560
30416,14480,15936,10640
29200,14208,14992,10400
32080,15824,16256,10240
36272,17616,18656,10160
33856,16240,17616,12320
35104,17344,17760,12320
35696,16848,18848,11280
35440,17456,17984,10320
37008,17600,19408,12320
37776,18528,19248,11520
36368,17712,18656,11840
36320,17728,18592,11440
36448,17920,18528,12240
36800,17568,19232,11200
35040,16640,18400,10800
34096,16448,17648,12400
36464,17760,18704,11440
37072,18400,18672,13520
37088,18128,18960,10560
35488,16992,18496,12480
36976,18448,18528,12320
37696,18224,19472,12240
37600,18528,19072,14160
38032,17552,20480,12640
39376,19280,20096,11840
38368,18032,20336,12800
36496,17600,18896,13120
39040,19472,19568,11360
38592,18288,20304,11360
42016,20896,21120,14080
41056,20448,20608,13680
40000,19248,20752,12080
39056,19232,19824,12480
37280,18112,19168,12560
36208,17696,18512,11440
37280,17632,19648,12160
39472,19008,20464,15040
39856,19936,19920,13600
41680,20704,20976,12320
39856,19520,20336,13440
39168,18704,20464,11760
39792,19504,20288,13520
37488,18288,19200,14000
39264,19008,20256,12640
39120,19312,19808,13200
40016,18832,21184,11120
39152,19216,19936,11920
40400,19456,20944,12640
38336,18224,20112,13040
40784,19776,21008,14480
38832,19040,19792,12800
39328,18816,20512,12720
40464,18768,21696,12320
40144,19344,20800,10960
36960,17696,19264,12880
36736,17264,19472,12400
38384,18512,19872,12720
35680,17728,17952,12000
35840,17184,18656,11920
33824,16704,17120,10080
32832,16176,16656,11120
32368,15392,16976,9600
34448,16608,17840,12080
34368,17168,17200,10720
36128,18032,18096,13440
36128,17488,18640,12320
35088,17552,17536,11920
36384,17696,18688,12480
36864,18304,18560,11200
39264,18880,20384,11680
39984,18448,21536,14080
39264,19344,19920,13040
39088,18352,20736,12880
39072,17824,21248,13040
38688,18800,19888,12480
39104,18768,20336,13360
38464,18224,20240,11680
36992,17712,19280,11680
36160,17824,18336,12000
36336,18064,18272,12000
37104,18384,18720,12480
39232,18608,20624,12080
34752,16944,17808,10560
36496,18032,18464,11440
36880,18080,18800,10800
34032,16352,17680,11360
34256,16976,17280,12800
34544,16560,17984,12720
34000,16656,17344,9600
36960,17984,18976,10880
36576,17488,19088,13440
37136,18384,18752,12160
39728,18880,20848,12240
38736,18560,20176,11280
37584,17968,19616,11280
38416,18224,20192,11920
37440,18368,19072,11600
34608,17328,17280,12320
34384,16832,17552,10800
37088,18096,18992,12480
35920,17616,18304,13440
37520,17568,19952,14320
39568,18880,20688,13120
38944,19728,19216,12880
39472,19232,20240,12800
36496,18048,18448,11920
36768,17296,19472,12720
34912,17696,17216,11360
37968,17824,20144,11760
38640,18656,19984,12400
38592,19104,19488,11680
35328,17136,18192,10800
38560,18784,19776,11520
34352,16992,17360,10800
35616,16656,18960,11280
36144,17904,18240,11680
35008,16640,18368,10640
37360,18240,19120,12160
40752,19136,21616,14080
39680,19824,19856,11680
41088,19936,21152,13840
38800,18880,19920,12320
39568,18864,20704,12080
39216,18464,20752,13120
40496,20064,20432,13600
39216,19344,19872,11120
36896,18192,18704,13120
34320,17056,17264,11760
33472,15920,17552,11520
36672,17472,19200,11920
36128,18144,17984,11280
36112,17344,18768,12000
34512,17344,17168,12320
35792,17168,18624,11680
36400,17504,18896,11920
36208,17920,18288,11360
35008,17024,17984,11280
37376,18256,19120,11120
37808,18656,19152,11120
37024,17920,19104,11520
36976,18464,18512,11600
35920,17792,18128,11360
35280,17744,17536,13200
38048,19040,19008,11120
37312,19312,18000,13680
35936,17328,18608,12000
37648,18432,19216,12800
39792,18976,20816,12240
39568,18560,21008,13600
37376,18160,19216,14400
37984,18992,18992,10800
39392,18416,20976,12640
39760,19472,20288,10320
37504,17856,19648,10480
38272,19056,19216,11920
38560,18672,19888,11760
37504,18272,19232,11920
38752,18912,19840,13440
34480,17056,17424,9680
35088,17360,17728,10720
33760,16432,17328,10960
35488,17568,17920,12240
33312,16192,17120,10400
33664,16160,17504,10400
35248,17360,17888,12000
34544,16800,17744,13600
36016,17056,18960,12800
