22400,10448,11952,6640
24192,12336,11856,6800
20544,10736,9808,6160
23440,11792,11648,7200
25568,12208,13360,9600
26720,13312,13408,9600
25408,12176,13232,7680
22592,11536,11056,5040
22432,11920,10512,7520
25792,13072,12720,9200
28528,14208,14320,8480
27792,14256,13536,6640
25920,12496,13424,8080
25360,12944,12416,7680
25776,12672,13104,7040
25344,12416,12928,7760
26128,12992,13136,8160
26640,13824,12816,7200
24832,12096,12736,7600
24832,11968,12864,8080
26208,12960,13248,8160
26608,13216,13392,8320
26528,13360,13168,6640
25744,12144,13600,8160
24528,11552,12976,7760
23472,12064,11408,7280
25312,12464,12848,8000
26000,12496,13504,7840
23680,11744,11936,7280
24608,12608,12000,6960
25392,12544,12848,8560
25408,12464,12944,8240
27248,13168,14080,8320
24000,12000,12000,6640
23392,11424,11968,7120
23776,12096,11680,7120
27072,13440,13632,8480
27504,13616,13888,7360
27024,14336,12688,7760
25280,12656,12624,8000
25312,12848,12464,8160
23248,11536,11712,6160
25888,12896,12992,7920
24480,13104,11376,6160
23024,11056,11968,6400
21136,10880,10256,6080
19888,10224,9664,6720
21872,11776,10096,7600
22448,11296,11152,8080
23888,12448,11440,7520
24768,12016,12752,9920
23824,12192,11632,5520
22480,10928,11552,6160
22368,10864,11504,6720
21808,10784,11024,7440
21920,11456,10464,7200
21232,11072,10160,6640
20768,10272,10496,5520
21904,11120,10784,6240
24176,12160,12016,7280
26048,13200,12848,7760
24272,12128,12144,7840
25952,12720,13232,10320
27264,13408,13856,8800
26832,13136,13696,7120
28352,13168,15184,9120
26592,12992,13600,9040
27728,13856,13872,8720
28416,13488,14928,10080
26880,12944,13936,7920
24720,12048,12672,6880
24848,12192,12656,7760
26336,13120,13216,7840
24528,12128,12400,8720
21680,10608,11072,7200
22944,11328,11616,9280
24992,12528,12464,7440
22880,11712,11168,6400
25824,13152,12672,8240
22272,11408,10864,7120
20976,10512,10464,6000
21504,10768,10736,5280
22528,11648,10880,5600
24512,11472,13040,7200
23552,12096,11456,7360
23424,11248,12176,8240
24064,11744,12320,7040
20464,10096,10368,6800
17168,8688,8480,4240
15744,8272,7472,4320
21792,11216,10576,8160
20640,11056,9584,6400
18960,9696,9264,6960
18752,9328,9424,6320
19136,9216,9920,4720
19888,9984,9904,5600
19824,10400,9424,6000
19040,9648,9392,5440
20416,10304,10112,6240
24448,12240,12208,6800
22176,11072,11104,6880
22272,10560,11712,5840
24720,12256,12464,7920
21232,10960,10272,6640
24784,12336,12448,7600
24992,12176,12816,8800
23744,11824,11920,7920
22304,10928,11376,8080
20592,10208,10384,7040
21696,11072,10624,6800
19232,9744,9488,6080
19712,9792,9920,5440
22000,11296,10704,5200
21152,10640,10512,7360
22640,11168,11472,8480
22544,10736,11808,6480
23280,11856,11424,6400
24080,12400,11680,6720
23248,11360,11888,6800
23264,11376,11888,8800
24448,12368,12080,6720
21440,10624,10816,7760
22032,11376,10656,7200
20384,9728,10656,6320
22912,11712,11200,5760
24336,12752,11584,7520
25136,12576,12560,7280
26416,12368,14048,7840
27168,13744,13424,8160
26144,13440,12704,8640
26064,12704,13360,7520
26816,13136,13680,7120
25840,12864,12976,8080
24256,12464,11792,7440
24464,12080,12384,6560
26032,12976,13056,7440
23872,11600,12272,9040
25120,13104,12016,7520
24976,12800,12176,8560
23920,11936,11984,8000
26208,13168,13040,9680
28176,14224,13952,7600
25376,12880,12496,8960
26240,12592,13648,8320
23152,11440,11712,6400
23232,12352,10880,7280
24496,12272,12224,8480
22736,11168,11568,6560
23376,11456,11920,6560
22432,12208,10224,6880
22304,11264,11040,5920
21408,10848,10560,6640
22848,11488,11360,6000
22448,11184,11264,6960
24336,12352,11984,6640
23104,11680,11424,7360
24656,12016,12640,6800
24864,12560,12304,7200
26048,12608,13440,8880
26592,13632,12960,8240
27648,14128,13520,7680
22176,11824,10352,7440
24368,12464,11904,6480
25968,12464,13504,9360
25200,12592,12608,7760
26096,13184,12912,7680
24304,12080,12224,7280
25776,12480,13296,8800
26528,13024,13504,7760
24752,12000,12752,7520
26080,12816,13264,8000
25856,12512,13344,8800
27344,13488,13856,7040
24640,12656,11984,7360
24224,12416,11808,6880
25760,12800,12960,8240
27440,13744,13696,8160
27856,13520,14336,8960
25920,12384,13536,7040
25424,13056,12368,8160
26752,13008,13744,6400
28960,14176,14784,8080
31664,15696,15968,9760
32944,15840,17104,12960
30608,15056,15552,9680
28384,14064,14320,8560
26784,13040,13744,9360
27840,13168,14672,7200
24864,12352,12512,7680
25696,12512,13184,7760
24672,12400,12272,7920
25984,12592,13392,7520
27616,13232,14384,7200
27296,13600,13696,7920
27040,13648,13392,8000
24352,12080,12272,8720
25136,12752,12384,7040
27632,13888,13744,9360
27632,13984,13648,8000
26384,12720,13664,6960
25584,13296,12288,8320
26768,13216,13552,8640
24080,11920,12160,8640
25952,12752,13200,8960
26752,13216,13536,8080
27904,14064,13840,8160
27184,13792,13392,8480
28352,14224,14128,7280
26848,13056,13792,7600
25120,12624,12496,8000
25056,12560,12496,7280
26464,13104,13360,8400
26704,13472,13232,7120
27168,13648,13520,8880
28496,13888,14608,9760
26944,13296,13648,6000
23936,11728,12208,6240
23936,11952,11984,8160
26384,13472,12912,9680
31024,14432,16592,10400
28832,14112,14720,9200
27408,13696,13712,9040
25168,12224,12944,7600
24480,12368,12112,6880
26784,13280,13504,9360
26592,12896,13696,9120
24960,12592,12368,7520
20544,9904,10640,5360
24480,12176,12304,8240
24560,11760,12800,7280
24880,12736,12144,7840
23440,11120,12320,7920
22208,11776,10432,6320
23008,11808,11200,8560
25472,12400,13072,8480
22864,11680,11184,5840
21232,10544,10688,6240
24720,12672,12048,6400
26400,12944,13456,9200
24080,12080,12000,9280
24752,12096,12656,7280
24368,12400,11968,6000
23488,11536,11952,7200
22640,11712,10928,7200
21376,10848,10528,7360
21536,10656,10880,7840
21936,11104,10832,7040
22000,10848,11152,7280
25104,12592,12512,7120
22992,11984,11008,7520
21968,11392,10576,6160
26176,12928,13248,8000
26928,13680,13248,8960
25952,12848,13104,7280
23424,11904,11520,8240
23760,11456,12304,7440
21488,10608,10880,7360
24032,12000,12032,7440
23168,11696,11472,6080
20944,10944,10000,6560
25168,12192,12976,6800
23456,11600,11856,6960
23232,11632,11600,7760
19568,9856,9712,6400
20624,10320,10304,6560
21632,11392,10240,6560
23824,11776,12048,7200
22080,11024,11056,6960
19504,9888,9616,5920
23184,12144,11040,7360
23920,12112,11808,7680
21712,10992,10720,6240
20688,10112,10576,6160
21344,10784,10560,6240
22128,11168,10960,6240
18944,9328,9616,7840
19632,9360,10272,8080
20224,10192,10032,4800
20736,10864,9872,7760
20960,10416,10544,5040
19872,10352,9520,7840
19920,9616,10304,5040
18800,9728,9072,5280
21984,10656,11328,7920
21312,10192,11120,6720
22976,11504,11472,7760
22128,10480,11648,6400
21728,10400,11328,6720
21968,11264,10704,6560
19728,10032,9696,6720
21056,10864,10192,7520
22080,11040,11040,5600
24544,11888,12656,7200
22480,11088,11392,7840
20960,10672,10288,6080
20288,10208,10080,4480
21456,10464,10992,6400
20736,10144,10592,7360
20480,10336,10144,7680
19168,10272,8896,6800
19632,10032,9600,5520
21024,10368,10656,5840
21488,10672,10816,5760
22688,11008,11680,8000
22288,11488,10800,6640
20752,10496,10256,7280
22128,10624,11504,6800
22816,11104,11712,7120
21712,10544,11168,7840
21664,10832,10832,6640
20000,9872,10128,5120
21376,10768,10608,6720
17104,8768,8336,6080
18912,9840,9072,7200
21344,10560,10784,5520
21072,10752,10320,5840
21312,10480,10832,6080
20192,10416,9776,5360
19568,10144,9424,6080
21312,10832,10480,7440
20656,10352,10304,5920
18224,9504,8720,6480
21280,10640,10640,6880
19088,9680,9408,4240
19280,9664,9616,6160
22880,11872,11008,7840
24880,12384,12496,8480
25264,12000,13264,7200
23264,11712,11552,7200
22560,11296,11264,7040
26608,13216,13392,7760
25056,12496,12560,8080
25040,12736,12304,7040
25504,12384,13120,7920
21184,10736,10448,5680
20448,10832,9616,5120
20752,10240,10512,7920
22112,11232,10880,6720
23200,12240,10960,7120
23776,11616,12160,7120
22512,12272,10240,6240
24912,12496,12416,8720
22880,11440,11440,5520
19088,9936,9152,5280
18128,9232,8896,6960
21984,10384,11600,7120
22416,11424,10992,6480
22912,11008,11904,7680
21808,10992,10816,8400
22624,11600,11024,6800
23968,11520,12448,7840
22512,11888,10624,6160
19840,10720,9120,6240
20528,10464,10064,6720
21264,11056,10208,7040
21472,10384,11088,6000
20800,10240,10560,6320
20576,9984,10592,6240
21152,10608,10544,7440
21920,10688,11232,5360
22368,11392,10976,7920
22368,10816,11552,7280
20928,10032,10896,7360
22848,11184,11664,6800
24208,12096,12112,7760
22704,11664,11040,6880
21696,10912,10784,7840
22176,10992,11184,8080
20304,10768,9536,6240
22736,10944,11792,8160
23792,12016,11776,7840
18912,9712,9200,6320
20336,10176,10160,6000
20240,9744,10496,7760
18368,9200,9168,6640
18752,8896,9856,6320
18784,9504,9280,6400
20336,10288,10048,7040
18496,9184,9312,6400
15008,7952,7056,5040
14448,7088,7360,3920
15344,7792,7552,5280
21136,10400,10736,6320
20176,10432,9744,5040
21008,10592,10416,6480
18288,8896,9392,6320
19632,9840,9792,5280
20416,10272,10144,5920
22112,11200,10912,6160
20848,10928,9920,7680
18656,9440,9216,6080
17856,8704,9152,6640
18576,9408,9168,6560
20400,10432,9968,6560
20144,9984,10160,6000
20800,10640,10160,6240
20368,10544,9824,6480
19760,10304,9456,6080
20464,10032,10432,5920
19168,10240,8928,6320
18464,9136,9328,6000
19216,9472,9744,6160
19024,9392,9632,4960
17920,9504,8416,6800
19024,9552,9472,5520
18880,9904,8976,5520
19712,10048,9664,6800
18464,9408,9056,6080
20656,10064,10592,5520
18928,9552,9376,4560
17776,9120,8656,6080
19184,9696,9488,5680
18992,9712,9280,5840
19936,9952,9984,5680
19664,9936,9728,5760
18320,9760,8560,6800
19488,9856,9632,5120
19632,9904,9728,6320
20880,10496,10384,7360
18560,9344,9216,6160
18800,9424,9376,6320
20752,10496,10256,7200
20384,10640,9744,7040
21472,10960,10512,7360
18768,9776,8992,5840
17072,8160,8912,4720
17840,8912,8928,4640
16384,8256,8128,6000
16480,8544,7936,5600
17200,8752,8448,6640
21184,10656,10528,7200
22864,11328,11536,5600
18912,9440,9472,6560
19872,10496,9376,5520
17520,9136,8384,6320
16064,8608,7456,4640
14304,6960,7344,5680
16832,8528,8304,5360
18592,9440,9152,5840
18704,9600,9104,7040
19920,10576,9344,6640
18768,9728,9040,6320
18368,9152,9216,5600
19216,10096,9120,6400
16576,8608,7968,4400
17376,8976,8400,5040
17856,8992,8864,5680
17200,8768,8432,5840
19040,9680,9360,6800
19712,10560,9152,6240
20400,10400,10000,5920
19440,9984,9456,6960
17696,8768,8928,6000
15264,7840,7424,5360
18320,9024,9296,6320
19248,9888,9360,6160
19808,10160,9648,5520
18640,9056,9584,6400
18816,10064,8752,6240
20272,10432,9840,5680
20176,10080,10096,6080
22096,11552,10544,6160
21552,10720,10832,7280
18432,9680,8752,5520
19520,9536,9984,5760
18256,9056,9200,6160
17216,8736,8480,5520
18544,9552,8992,7680
19056,10000,9056,5200
19776,9728,10048,6320
21840,10896,10944,7440
20624,10448,10176,7760
21424,10752,10672,6880
21456,10944,10512,6000
18944,9376,9568,6800
19952,9984,9968,7680
20752,10640,10112,7600
20352,10384,9968,6160
21760,11280,10480,5840
23648,11328,12320,6560
