37264,23664,5472,6160
35936,23632,4592,6640
33776,22128,4160,4720
33952,21824,4784,6080
38480,24320,5472,6160
40880,25920,6048,7280
39760,25008,5120,7680
41840,26000,6080,7760
40816,25952,5648,6960
38640,24464,5536,5920
36032,23168,5344,5360
36128,23264,4352,8400
36240,23424,4976,7120
37232,23584,4992,6560
36720,23744,5152,8880
36928,23904,4944,8480
37152,23520,5280,8800
37728,23536,5808,9680
37712,23200,5696,9120
38928,24400,5520,8160
36448,23440,4992,8320
35584,22192,4864,8480
35168,22352,4928,10560
35152,21696,5408,9520
29296,19280,3952,8560
28784,18848,3776,10400
28800,19328,3504,8000
27872,18176,4048,9120
27920,18240,3712,7200
27280,18464,3232,7280
29280,20096,3600,7440
23360,16320,2240,7600
21520,15744,1952,6640
23840,17248,2176,7520
24672,17200,2496,7040
28736,20304,3040,7280
31312,21248,3776,6800
35536,23664,4416,6640
45600,28336,6864,6160
47136,28768,7552,6240
46928,27824,7920,6880
44848,27904,6912,6480
42720,27184,6416,4160
37872,24480,5568,6240
36496,22832,5360,3680
37248,23776,4992,4160
37216,23568,5376,3280
37152,23024,5488,4160
40400,25200,5872,3920
39616,24720,6016,4640
41616,25968,5808,3600
42784,26240,6768,5360
40672,25792,5824,6480
42144,26640,6768,8960
41776,26688,6128,10720
40144,25568,5648,12400
45664,28032,6960,9120
40880,25440,5968,9680
42192,26176,6704,8000
42336,26912,5968,8400
39840,25456,5616,6800
39728,24736,5872,7120
42784,26912,6448,8000
41808,25872,6096,7760
42080,26320,6384,6640
42976,26384,6240,7840
40320,26048,5280,7040
36576,23760,4768,7040
36032,22688,5280,7440
39792,25488,5520,6640
39424,24704,5664,7120
41584,25424,6032,8080
41488,26112,5904,7600
40064,25648,5712,9440
37168,24016,4896,8880
35472,23008,4944,9120
35952,23040,5392,12000
36672,23728,4768,9440
34448,21856,4736,10160
35152,22528,4992,8400
36832,23584,5056,9840
36432,22992,5616,8160
34448,22192,4192,7040
31328,20688,4320,7760
30912,20064,4160,8080
33392,21824,4480,7680
31872,21472,3904,7680
32656,22512,3792,8400
35408,22912,4832,7360
32976,21056,4432,7120
36768,23104,5456,6880
40688,25040,6128,7760
43152,26064,7072,7360
44864,26864,7968,8000
44544,27216,7232,5360
40336,25024,6512,7200
38336,24304,5392,6320
38000,24016,5232,6800
37280,23264,5120,6240
36256,23552,4736,5680
40096,25904,5760,4320
39904,24736,6064,5200
40736,25584,6080,3360
41744,26112,6496,4320
33152,21648,4080,4480
30672,19664,4368,7600
28976,18720,4096,9840
31280,19712,4464,8480
29392,19504,3776,9200
30304,19744,3936,8320
29072,19456,3792,8480
29248,19776,3552,7200
29088,19376,4032,6720
27008,18016,3600,9120
25328,17040,2960,8800
21664,15664,2064,7280
23712,16640,2560,6880
30432,20096,4016,7760
28672,19200,3232,7040
25616,18112,2864,7520
27504,18784,3120,6880
29184,19728,3616,6000
29984,20112,3440,7760
30160,20352,3776,6080
28848,19808,3296,7040
28496,19344,3408,6720
31568,20720,3808,7440
32016,21328,4336,7680
32080,21168,3968,8640
31280,20352,4256,6320
34512,23520,4064,6320
36576,23632,4848,6960
36352,23248,4432,6480
43424,27728,6224,7920
42320,27104,5840,6640
42160,27008,5376,8480
43424,27872,6192,7920
41968,27008,5792,7040
39088,25328,5264,6080
37760,23760,5344,7440
39328,25632,4736,6800
37920,24864,5200,7440
39536,25376,5184,7200
40672,25408,5856,7360
40368,25936,5440,7760
40576,26256,5680,7280
38464,24256,5440,6960
39312,24976,5424,7040
40160,25200,5568,7920
43232,27376,6480,6720
44176,27984,6176,6880
44112,27120,7200,5680
39888,25168,5632,6720
38848,24592,5648,6560
37248,23552,4976,5840
39680,25424,5552,6000
39792,24848,5824,5680
39328,24736,5616,6080
36384,23152,5184,3760
37056,23744,5008,2880
39664,25936,5312,2000
39872,25280,5680,3520
37728,24832,4896,4480
38640,24736,5088,5200
37968,24064,5472,4320
39168,24992,5744,5200
38112,24656,5104,8640
38160,24368,5328,10640
37008,24032,5264,10960
37376,23680,5456,10480
34240,21744,4720,8000
33120,21632,4496,6720
37680,24032,5152,5920
41904,26176,6000,8000
39200,25008,5392,7360
35328,23024,4512,6480
33600,21632,4832,7920
35664,22848,5088,7440
34800,22288,4784,6560
33968,22416,4656,8960
35552,23552,4480,7680
32992,22144,4224,8400
37456,25600,4928,9120
37376,24032,5328,7920
37200,24592,4944,9280
37584,24384,4864,9680
38528,24800,5280,8480
40192,26272,5376,9120
42048,26944,5984,7840
40032,25792,5184,7920
38624,24896,4672,7600
38336,24960,5312,9440
38224,25056,4896,9040
39952,25472,5536,8320
39056,25008,5264,8080
39584,25120,5936,6640
41584,26000,6032,7280
42464,26592,5872,7920
41904,26608,6128,8000
41344,26288,5872,9280
41296,25968,6048,7280
40464,25744,5856,6880
39952,24800,5376,7600
39536,25264,5152,8080
39744,25328,5616,6400
38944,24448,5056,6800
37824,24560,4736,7360
42976,26800,6272,6800
37904,24000,5488,7120
34976,22208,5056,7680
35504,23728,4352,8160
34208,22208,4512,5680
35088,22032,4848,8240
35712,22928,5072,6640
36464,23808,5248,6000
36656,23616,5280,6400
37424,24640,5072,7920
37936,24416,5008,6480
39168,24752,5552,6960
36592,22944,5152,7520
36640,23440,4976,9200
38288,24112,5520,8480
36048,22896,5440,8400
37104,24720,4688,7680
42512,26896,6272,7920
44448,27264,6992,6960
40496,25200,6240,7120
38688,24128,6032,7920
35904,23504,4816,6640
38528,24608,5488,8000
37120,23664,4848,9200
38016,24464,5072,8240
40896,25696,6128,7280
38224,23488,5840,5840
36320,23104,4800,6320
34896,23360,4464,6400
33088,21152,4720,6480
32736,21424,4272,7760
34640,22976,4784,7440
35824,23328,4432,6240
35984,24112,4096,5840
34288,22368,4464,7440
36720,23696,4928,5440
36064,23520,4832,3920
36208,23776,4704,4000
37888,24896,4720,5760
38208,24080,5568,6400
41312,26960,5280,6080
38080,24512,5280,4480
40864,25744,6208,6240
40912,25920,6144,5760
40928,26176,6272,6240
41648,26256,5856,5760
39744,24320,6368,4480
41088,26096,6384,5760
40368,25040,6176,6160
40080,25488,5632,5600
39744,25392,5424,7440
36272,22784,4880,6960
38400,24688,5456,5920
41712,26112,5984,7600
42592,25808,6640,8320
42016,25488,6400,7920
38416,24096,5584,9760
39936,25408,6000,10080
37232,24144,5184,6800
36464,23504,4944,8160
34704,22272,4720,6560
33968,21888,4448,6960
34064,21376,5056,7040
34480,21664,4720,7440
33696,21360,5232,7040
34272,22288,4928,7200
35792,22896,4944,7440
34368,21936,4720,7600
30752,19968,4320,6160
28928,19392,4016,6480
27168,17680,3360,9120
26464,17824,3104,8480
28608,18784,3408,9040
27424,18656,3312,8960
25872,17744,2752,8960
25872,17808,2832,8640
27648,19408,2832,8320
31152,21680,3632,7440
32880,22544,3664,6400
40496,26032,5440,6720
50112,30176,8160,7520
48896,30400,7856,7760
43888,26736,7296,7280
47328,29376,7072,6720
41456,25552,6256,7200
37104,23312,5296,6320
40912,25232,6032,6720
38944,24832,5744,6480
37808,24144,5152,6080
38512,24096,5776,7440
44336,27760,6544,7040
45072,27648,7232,6960
41264,26656,5744,5680
44832,27904,6592,6880
41440,26384,6128,8000
45088,27584,7216,6480
45232,27152,7152,8560
46192,28336,7344,6160
45296,27648,7440,5680
44736,27472,6864,7920
43712,26032,6880,7520
44720,27648,7536,6640
43600,26496,7600,7360
43456,26208,7584,7200
46528,27136,8448,6080
43120,26528,6928,7680
40864,24384,6448,7360
39232,24480,5936,7760
33776,20672,5376,6880
32560,20128,4640,6960
32480,21408,3968,7360
33600,21456,4960,8640
36112,22640,5104,6240
34832,22448,4784,7520
35792,22224,5104,7120
34720,22128,4624,7760
32752,21456,4480,6640
34656,21504,4832,7520
33056,21648,4480,6720
32928,21632,4672,7760
34400,21520,4880,7520
32576,21616,4384,8640
31376,20352,4272,6560
31376,20416,4208,7600
33312,21328,4544,7520
34192,21760,5024,7040
35264,23600,4640,7840
33536,22176,4064,7520
34992,21760,4976,7040
35776,23232,5072,6320
36704,24000,4880,6720
37152,23568,5216,8160
40288,25280,5728,5760
39888,24544,6016,6960
43072,27152,6160,6720
45696,27360,7840,6560
48880,28976,8160,7120
46704,27872,7808,6480
42592,25952,6896,6480
43120,26400,6768,7280
42880,25808,7104,6640
39248,24128,5888,5040
33136,21552,4960,7040
33312,21376,4624,5840
32048,20432,4880,7920
31648,20704,4032,7120
31664,20160,4224,8240
29168,19760,3536,8480
28272,18608,3952,6240
28336,18480,3808,7040
26672,17904,3264,7360
27488,18528,3520,7200
28496,18992,3520,7280
29904,19424,4032,7120
27984,18608,3552,6320
27408,17248,3760,6560
28000,18736,3760,6320
26384,17648,3168,6240
28640,18736,3792,5440
24880,17184,2768,6320
28000,19232,3232,5520
24912,16912,2688,7040
23968,16480,2608,8400
25504,17536,2816,6720
29840,20816,3088,6800
31920,21584,3264,7040
41072,26448,5536,6160
48448,29520,7792,7280
49792,30096,7840,6720
50816,30096,8784,7680
48688,28688,8176,7120
43008,26352,6704,7760
42576,26544,6368,8240
38704,23888,5936,9120
36944,22896,5520,9360
38736,24560,5680,8560
36128,23536,4688,8080
34544,21616,5296,8640
34192,21472,5136,7760
35392,22880,4800,7040
34336,21632,5200,6880
32512,20416,4144,8240
31472,20512,4272,9680
29776,19680,3808,8480
27344,18816,2992,7760
28736,19248,3536,7600
28960,19296,3936,6480
29168,19968,3520,6000
30896,20592,4256,7920
26448,17856,3264,6160
28656,18832,3696,6160
23712,17232,2256,6960
24656,17264,2432,6640
24976,17664,2512,6720
24944,17680,2368,6160
28016,19392,3056,7360
33344,22624,3776,5440
38224,25520,4608,6560
42992,26928,6048,5040
51728,30752,8784,5680
55504,30656,11040,5440
58288,32576,11600,5040
47216,27680,8608,3280
43312,25152,7808,2880
36704,23568,5280,4240
36400,22400,5760,4800
36592,22800,5008,6880
38720,24512,6096,6480
38464,24096,5936,9040
36272,23168,4608,10880
37568,24208,4960,10160
36480,23536,4928,9920
39312,24480,5488,8960
40720,25616,6144,7760
42208,26176,6576,8560
44144,26592,7456,7760
39888,24800,6112,7520
36496,22848,5536,6800
37856,23504,5440,9280
36384,22848,5264,10320
34112,21600,4848,9120
34336,22128,4688,9280
33872,21136,5248,8480
30512,20576,3984,8560
30272,19936,4000,8720
29936,19664,3920,8720
30096,19360,4144,10800
31824,20656,4400,9760
28528,19232,3472,10160
27200,17744,3872,9760
27360,18256,3312,9680
28384,19072,3568,10160
25888,17840,3088,11280
23648,16256,2352,9040
23936,16784,2352,8240
24944,17456,2368,8000
26128,18688,2656,7760
28080,19504,3024,6800
32960,22272,3792,7440
40256,25712,5808,5520
51344,30688,8816,6960
47168,28128,7904,7200
46720,28496,7680,6800
43024,27216,6384,6560
40032,25024,5824,6080
39616,25088,5456,7520
38704,24624,5520,7360
36880,23616,5264,7360
35152,22144,5328,7840
35088,22928,4528,6240
35536,22080,5088,6640
38480,23888,5616,5840
35344,22784,4880,6480
34560,21968,4784,6320
33808,21648,4976,6720
32272,20160,4640,5920
33344,20896,4272,7280
33888,22208,4224,6640
33008,21952,4784,7680
33968,22048,4416,7200
32976,21248,4144,8320
32288,21184,4448,8560
32016,21312,4240,7840
33232,21104,4544,9920
32784,21536,4400,11120
31168,20656,3504,11200
32256,21504,3968,9600
32256,20464,4272,10320
34000,22400,4352,9920
34944,22512,4336,9520
36960,24192,4912,7760
37536,23568,5280,7280
36768,23360,5488,7120
