9584,5104,4480,2960
8816,4912,3904,3520
9632,5152,4480,3520
8864,4768,4096,3760
9520,4672,4848,2880
9776,5056,4720,4240
8304,4640,3664,3360
8480,4784,3696,3200
9344,4832,4512,4320
9104,4672,4432,4720
8736,4480,4256,3120
8928,4832,4096,3280
9312,4672,4640,3520
8640,4384,4256,2720
8320,4304,4016,3280
9200,4688,4512,3520
9312,5024,4288,4000
8672,4432,4240,3040
8320,4432,3888,3040
8512,4272,4240,3040
9088,4416,4672,4400
9792,5392,4400,2960
8336,4576,3760,3120
9872,5392,4480,4720
9264,5056,4208,4320
9536,4928,4608,3200
9536,5104,4432,3760
9696,4832,4864,3600
11184,5744,5440,4240
9552,5120,4432,3200
9584,4544,5040,2880
10672,5840,4832,3280
9984,5504,4480,3840
9760,5168,4592,4560
8304,4528,3776,4000
8832,4448,4384,2640
10656,5520,5136,4160
10240,5296,4944,4560
8800,4704,4096,2960
9312,5056,4256,3760
9744,5072,4672,4080
9392,5024,4368,2240
10080,5200,4880,3360
8512,4480,4032,4400
9280,4800,4480,3440
9008,4544,4464,2960
9120,4832,4288,2400
9648,4768,4880,5120
10720,5712,5008,3200
9536,4928,4608,2560
9536,5088,4448,3440
10288,5168,5120,2640
10240,5056,5184,3920
9040,5072,3968,2400
9152,4544,4608,3200
9248,4752,4496,4000
9248,4976,4272,4160
9776,5104,4672,4320
9760,4944,4816,3840
9968,5200,4768,3600
8512,4352,4160,2720
8368,4560,3808,2800
8416,4720,3696,4160
9168,4624,4544,3520
7984,4592,3392,3200
8816,4368,4448,3920
9120,4896,4224,3280
8880,4528,4352,4160
9936,5280,4656,2800
10048,5152,4896,3040
8736,4544,4192,3840
8672,4784,3888,3360
8464,4560,3904,2800
8592,4528,4064,3200
9248,5040,4208,3920
9168,4752,4416,3440
8544,4672,3872,3600
8880,4384,4496,4320
9584,4832,4752,3360
9088,4624,4464,3040
8528,4368,4160,3200
9984,5120,4864,3760
9520,4512,5008,3440
10656,5520,5136,4240
8800,4560,4240,3920
8768,4288,4480,4160
9424,4688,4736,4320
8224,4576,3648,2480
8480,4608,3872,2640
8560,4624,3936,4480
10096,5424,4672,3520
9472,4736,4736,3440
9568,5040,4528,5200
9200,4864,4336,3040
9680,5008,4672,3280
8672,4560,4112,3520
9952,4976,4976,3760
10352,5440,4912,4720
10304,5088,5216,3840
8768,4544,4224,4160
7680,4064,3616,2880
10256,5408,4848,3840
9904,5120,4784,4640
9808,4864,4944,2800
9456,4752,4704,4080
9568,4880,4688,3520
10448,5376,5072,3200
9520,4688,4832,3280
9856,5168,4688,3040
9968,5088,4880,3600
9424,5168,4256,4640
10240,5328,4912,4320
9776,4928,4848,5200
10432,5504,4928,5200
10080,5520,4560,2960
9904,4912,4992,3840
9264,4848,4416,3120
9056,4384,4672,3120
8976,4832,4144,2960
8720,4800,3920,2720
9360,4592,4768,2320
9328,4592,4736,3360
9488,4672,4816,3760
9728,4992,4736,4320
9376,4656,4720,4800
9504,4864,4640,2720
7856,4032,3824,2800
8432,4672,3760,3840
9920,5344,4576,4000
9280,4928,4352,2400
9344,4736,4608,4080
10464,5376,5088,3440
9504,5120,4384,3920
9584,5072,4512,4240
10240,5120,5120,3360
9776,4992,4784,3840
9104,4544,4560,3200
9072,4512,4560,4160
8784,4560,4224,4240
9616,5264,4352,3200
8960,4384,4576,3120
9616,4976,4640,3280
9408,5392,4016,2800
9600,4944,4656,3040
8288,4720,3568,3840
9456,4960,4496,3120
9808,5008,4800,3600
10176,5568,4608,4800
8656,4416,4240,3280
8704,4336,4368,3120
9440,4896,4544,4400
10368,5488,4880,3840
8592,4416,4176,3600
10448,5280,5168,4080
9680,5440,4240,3680
9584,4768,4816,4160
10000,5520,4480,4480
8544,4352,4192,3120
9392,4496,4896,3760
9616,5264,4352,3280
9568,5056,4512,3600
9824,5120,4704,4400
9520,4784,4736,3680
8128,4224,3904,3440
9088,4896,4192,2320
8960,4560,4400,2480
9248,4736,4512,3040
9520,4784,4736,3120
8320,4416,3904,3520
8320,4592,3728,3760
8512,4192,4320,4240
9456,4944,4512,3760
7776,3952,3824,3040
8016,4320,3696,2960
9088,4880,4208,2800
7312,3920,3392,3840
7712,4416,3296,3280
7856,4096,3760,2560
8096,4272,3824,2640
7472,4064,3408,3200
8560,4480,4080,3440
8352,4560,3792,2800
8000,4048,3952,3360
8704,4688,4016,3440
9728,5360,4368,3360
9360,4784,4576,4000
8832,4624,4208,4400
8416,4336,4080,2880
9120,4656,4464,3360
9200,4992,4208,3680
9952,5232,4720,3040
10000,5552,4448,3600
9024,4592,4432,3680
9536,5056,4480,2400
9856,5264,4592,3600
8976,4528,4448,3200
8208,4560,3648,3680
9488,5280,4208,3920
9584,4880,4704,3840
8576,4576,4000,3120
10608,5536,5072,3520
9008,5040,3968,2720
8704,4912,3792,2880
8496,4816,3680,3120
9472,5200,4272,2640
10512,5600,4912,4080
9184,4896,4288,2960
9216,4976,4240,3280
8720,4416,4304,3600
9808,4928,4880,3040
8624,4448,4176,3120
8144,4320,3824,3200
8560,4544,4016,2320
8640,4464,4176,3760
8816,4416,4400,2000
8496,4368,4128,4240
8496,4656,3840,3600
8192,4528,3664,3760
10176,5152,5024,3200
8208,4080,4128,2960
7504,3840,3664,2880
8736,4784,3952,3680
8896,4848,4048,3360
8960,4736,4224,3600
8896,4912,3984,3840
8928,4336,4592,2800
8544,4512,4032,3280
8080,4576,3504,2320
10096,4864,5232,4000
9712,5008,4704,3440
8304,4272,4032,2080
8320,4336,3984,3680
9536,5168,4368,3440
9152,4928,4224,3680
8080,3936,4144,3600
9120,4768,4352,3440
9280,4736,4544,3680
8288,4368,3920,2160
9600,5104,4496,4240
7840,4128,3712,3040
8400,4640,3760,3600
8736,4880,3856,3920
9216,4624,4592,4160
8080,4000,4080,3280
8064,3872,4192,3360
8416,4240,4176,4160
8816,4576,4240,2320
8512,4448,4064,3200
8704,4656,4048,3920
8848,4448,4400,3920
9808,4736,5072,3920
10048,4656,5392,4240
8576,4400,4176,3200
8704,4624,4080,4400
9712,5360,4352,4480
9408,4768,4640,4640
8656,4192,4464,3360
9024,4768,4256,4720
8944,4288,4656,4000
10112,5360,4752,4320
9312,5056,4256,3680
8944,4800,4144,3520
9872,5328,4544,3840
8688,4656,4032,4320
9856,5328,4528,3120
9408,5072,4336,3040
8416,4224,4192,2560
10144,5264,4880,3520
11008,5728,5280,4720
10336,5168,5168,3920
9968,4800,5168,2720
9696,5232,4464,3360
9808,4864,4944,4080
9360,4704,4656,3680
10208,4928,5280,3760
10656,5696,4960,4320
9200,4640,4560,3200
8928,4768,4160,3760
9552,4800,4752,3600
10736,5872,4864,4160
10592,5536,5056,3680
9392,4832,4560,3680
8944,4736,4208,2960
10048,5264,4784,2720
10176,5328,4848,2800
10416,5952,4464,2880
10752,5440,5312,4000
9504,4880,4624,2640
9808,5040,4768,3360
10416,5376,5040,3840
11088,5792,5296,3840
11424,6016,5408,4480
10208,5216,4992,5120
12096,6496,5600,4080
9968,5504,4464,2800
11024,5504,5520,4400
9920,5296,4624,3360
8240,4192,4048,3600
9360,5072,4288,3920
8976,4944,4032,3840
9680,4832,4848,5120
11744,6144,5600,4000
9568,5328,4240,2880
8816,4464,4352,4160
10576,5680,4896,2880
11968,6112,5856,4080
10432,5328,5104,4080
9456,4848,4608,4160
11744,5760,5984,3920
10464,5152,5312,4960
9424,4896,4528,3840
9776,5104,4672,2880
10976,5792,5184,3760
9776,5184,4592,4000
10304,5392,4912,4160
9936,5040,4896,2960
9984,5168,4816,3280
9872,5296,4576,3120
9728,4992,4736,3440
10176,4720,5456,4480
10848,5520,5328,3440
10128,5136,4992,4080
9744,5200,4544,3200
9696,5168,4528,4000
10592,5872,4720,3840
9808,5120,4688,4000
9520,4960,4560,3440
10368,5520,4848,3760
10240,4992,5248,4720
10176,4944,5232,4080
9472,4928,4544,2880
8512,4400,4112,3840
9280,4928,4352,3680
10960,5328,5632,3600
10544,5488,5056,3440
8832,4752,4080,2800
9552,4928,4624,3760
11152,5712,5440,3760
9232,4768,4464,3520
10320,5696,4624,3520
10720,5600,5120,5200
9520,5088,4432,3520
10080,5200,4880,3120
9328,5104,4224,4080
10224,5488,4736,3680
9520,5232,4288,4240
9600,4688,4912,1680
10256,4944,5312,4160
9936,5056,4880,2800
8432,4432,4000,3520
9312,4864,4448,3280
9744,4864,4880,4320
9504,5392,4112,3280
9296,4656,4640,4000
8160,4560,3600,2880
8752,4992,3760,2480
10112,5024,5088,3920
9328,4992,4336,3520
9408,4880,4528,2960
9632,5184,4448,3840
10192,5456,4736,3360
10080,4944,5136,4000
8960,4720,4240,4640
9280,4560,4720,4320
8400,4432,3968,2960
9632,5072,4560,4400
9280,4800,4480,3200
9184,4720,4464,3200
9472,5216,4256,3600
9280,4672,4608,3440
9296,4704,4592,4240
9408,4784,4624,4800
9600,5104,4496,3920
9488,4912,4576,3200
10000,5040,4960,4240
10240,5312,4928,3200
10016,5344,4672,3440
9616,5264,4352,3600
10320,5360,4960,2880
10400,5344,5056,5200
10240,5440,4800,3200
9968,5552,4416,3760
10816,5184,5632,4240
10544,5520,5024,4160
10656,5824,4832,3200
9232,4736,4496,3040
9376,5184,4192,4320
9600,5008,4592,3200
9152,4416,4736,3680
10608,5552,5056,5040
10608,5520,5088,4640
9632,4944,4688,4400
11520,5968,5552,4000
10384,5360,5024,3920
10816,5456,5360,4080
10320,5360,4960,3040
10304,5392,4912,4880
10192,5072,5120,4240
11216,5664,5552,3680
9568,4784,4784,3760
10656,5552,5104,3360
11056,5344,5712,4480
11632,5584,6048,3760
11328,5552,5776,4800
10752,5376,5376,3520
10864,5680,5184,3760
10480,5824,4656,3920
10032,5088,4944,3440
11664,5696,5968,4800
10112,5056,5056,3680
9552,5296,4256,3200
11728,5792,5936,4880
10208,5440,4768,3680
9760,5168,4592,3360
11552,6192,5360,3280
12176,5776,6400,4160
11088,5856,5232,3040
10560,5232,5328,2320
10032,5216,4816,4000
10080,5392,4688,4320
10224,5552,4672,2480
10592,5648,4944,2720
10992,6048,4944,4000
9216,4560,4656,3840
9360,4800,4560,3520
9776,5088,4688,4160
10128,5296,4832,3200
9264,4912,4352,3120
9312,4704,4608,3680
9328,5216,4112,3360
10944,5520,5424,3680
9408,4832,4576,3680
8464,4416,4048,3600
10096,5328,4768,4000
9248,5232,4016,2880
9376,5040,4336,3040
10944,5488,5456,4160
10112,5216,4896,3520
8400,4432,3968,3440
9744,5248,4496,3760
9728,4832,4896,3200
9744,5024,4720,3760
8592,4432,4160,3680
9232,5120,4112,3520
10672,5280,5392,3760
11600,5280,6320,4640
10240,5360,4880,4960
10400,5296,5104,3360
9184,4640,4544,4160
9664,4720,4944,2880
9648,4736,4912,4320
9440,5184,4256,3680
9824,5008,4816,4560
9232,4704,4528,3200
9824,5504,4320,3360
10464,5264,5200,3760
9568,5024,4544,4000
9952,5120,4832,3600
10624,5312,5312,3840
8944,4752,4192,4160
9424,4592,4832,1920
9904,5360,4544,2560
9616,5280,4336,3040
9968,5120,4848,3200
9616,5232,4384,4320
9088,4912,4176,2960
8736,4624,4112,3600
9408,4784,4624,3440
10128,5152,4976,3840
9504,4688,4816,3440
9920,5120,4800,3600
10464,5200,5264,3520
10416,5696,4720,3680
8720,4880,3840,3280
9456,5408,4048,3520
9088,5120,3968,3600
10256,5568,4688,4000
9040,4672,4368,3520
8736,4352,4384,3680
10016,5120,4896,3600
