9904,5248,4656,2640
10448,5248,5200,4080
10096,5552,4544,3120
10704,5760,4944,2640
10288,5424,4864,4480
10496,5504,4992,3840
11152,5616,5536,3680
10912,5824,5088,4480
10976,6240,4736,4240
10464,5184,5280,3920
9824,5168,4656,2880
9168,5232,3936,4000
9776,4992,4784,2800
11024,5552,5472,4720
10032,5376,4656,2960
9888,5328,4560,3840
10256,5408,4848,3360
10272,5312,4960,3360
11040,5952,5088,3680
9888,5040,4848,2560
9872,5312,4560,3040
11088,5664,5424,3200
9888,4848,5040,2480
10240,5424,4816,3840
10528,5376,5152,4080
11312,5760,5552,3840
11696,6048,5648,3680
10752,5488,5264,3520
10560,5728,4832,3920
10288,5072,5216,3840
10432,5664,4768,3600
11456,5792,5664,3280
10832,6064,4768,3360
9760,5072,4688,3600
10016,5360,4656,2560
10752,5904,4848,4320
10944,5920,5024,4880
10080,4736,5344,2960
10944,5696,5248,3920
10688,5840,4848,3280
11568,5888,5680,4720
9824,5104,4720,3440
11168,5776,5392,4160
11840,6224,5616,4080
12048,6160,5888,4640
11312,5888,5424,3680
11328,5792,5536,3040
10368,5328,5040,4000
10784,5584,5200,3120
11440,5824,5616,4000
9472,5136,4336,4400
10928,5296,5632,3520
11552,5904,5648,3520
10352,5504,4848,3680
10512,5424,5088,3920
10928,6016,4912,4240
10848,5456,5392,3360
9664,4896,4768,2080
11648,5920,5728,3920
11824,6320,5504,4000
12528,6336,6192,5120
12080,6064,6016,4960
11952,6480,5472,4560
12336,6272,6064,4400
11824,6240,5584,3200
10704,5712,4992,3200
11136,5664,5472,3440
12224,7040,5184,4400
11552,5536,6016,4000
12784,6240,6544,3200
12080,6032,6048,4400
11344,6000,5344,4640
11728,5968,5760,4240
10816,5408,5408,2800
10896,6048,4848,4080
10848,5648,5200,3760
12560,6176,6384,3840
11920,6064,5856,4320
11040,5776,5264,4160
10976,6080,4896,3920
11680,5808,5872,3280
10352,5696,4656,3600
11744,6128,5616,4000
12784,6416,6368,3600
12576,6240,6336,3920
11552,6016,5536,3520
11600,5664,5936,3520
11728,6064,5664,3440
10736,5616,5120,3440
11040,5504,5536,3600
10624,5456,5168,4160
11808,6256,5552,3360
12720,6912,5808,3600
11936,5904,6032,4400
11392,5776,5616,2720
10672,5264,5408,3920
11264,5424,5840,3600
12144,6272,5872,4240
11648,6208,5440,3200
10864,5808,5056,3840
12368,6512,5856,3840
10512,5424,5088,3040
10944,5472,5472,3040
11824,6112,5712,4640
10960,5776,5184,4240
12320,6160,6160,3760
11216,5664,5552,4880
11632,5936,5696,3520
10720,5424,5296,2800
10320,5280,5040,4400
9680,4784,4896,3600
9920,5392,4528,2800
10576,5904,4672,4160
12224,6432,5792,4400
10448,5344,5104,3760
11216,5504,5712,3680
11808,6160,5648,3600
10992,5904,5088,3200
11968,6352,5616,4080
10608,5904,4704,2480
11584,6208,5376,3440
11472,6432,5040,4400
10304,5792,4512,3760
10032,5296,4736,3280
10688,5216,5472,3920
10544,5424,5120,4160
10640,5552,5088,4160
10320,5408,4912,2480
10256,5360,4896,2720
10144,5456,4688,2400
9536,5120,4416,3600
10288,5280,5008,3040
9552,4752,4800,4000
10048,5504,4544,3120
10816,5728,5088,3840
11456,6192,5264,4480
12816,6912,5904,4720
10992,5664,5328,2720
11584,6112,5472,4080
10704,5440,5264,3040
10192,5248,4944,4080
9888,5280,4608,3600
9360,4560,4800,2960
10816,5712,5104,4400
10736,5664,5072,4240
11440,5888,5552,3520
10752,5904,4848,2880
10896,5664,5232,3360
10976,5712,5264,3440
10704,5424,5280,3440
13344,6976,6368,3920
12048,6192,5856,4560
10560,5552,5008,3600
11264,5792,5472,3440
11216,5872,5344,3200
12192,6112,6080,4240
9376,5200,4176,2960
10208,5456,4752,4480
10976,5712,5264,2160
10032,5472,4560,3280
10896,6224,4672,2720
10400,5328,5072,3280
10496,5920,4576,3680
10912,5264,5648,3520
10576,5728,4848,3600
10064,5424,4640,3280
10800,5792,5008,2880
11328,5856,5472,3200
11872,6464,5408,4000
12336,6368,5968,4240
12112,6064,6048,3200
11184,5984,5200,3600
10560,5344,5216,3680
10448,5376,5072,3040
10048,5312,4736,3360
10128,5184,4944,3840
10624,5616,5008,3600
10240,5136,5104,2000
11232,6160,5072,4560
11632,6304,5328,3600
11072,5888,5184,3600
11168,6112,5056,3280
12400,6288,6112,4320
11536,6064,5472,3520
11344,5952,5392,4480
11152,6288,4864,3280
10880,6256,4624,3600
11280,5920,5360,3600
11632,5984,5648,4000
11792,6432,5360,3520
11696,6160,5536,3280
12400,6416,5984,3680
13184,6656,6528,4640
11840,6224,5616,3440
11312,5696,5616,3600
12496,6624,5872,3680
12816,6800,6016,3840
11088,5600,5488,3360
12528,6848,5680,4080
13328,6944,6384,5280
10896,5552,5344,3840
10608,6016,4592,3680
11088,5904,5184,4000
10736,5488,5248,2480
11472,6192,5280,4320
10704,5600,5104,3600
10752,5600,5152,4240
10768,5472,5296,4400
11648,5984,5664,3920
11456,5808,5648,3440
11200,5536,5664,4160
10848,5600,5248,2400
10480,5232,5248,3360
9632,4848,4784,3600
10896,5824,5072,4080
10256,5648,4608,4240
11456,5808,5648,4000
9568,4208,5360,3360
9520,4896,4624,4240
11664,6016,5648,4720
11648,5936,5712,4080
10864,5568,5296,4240
11168,5968,5200,3520
10640,5712,4928,2560
10768,5664,5104,3120
10016,5376,4640,3520
10432,5408,5024,3440
9936,5104,4832,3360
10640,5664,4976,3440
10176,5040,5136,3680
11024,5744,5280,3760
11232,5520,5712,4000
12112,6272,5840,3920
11888,6416,5472,4960
11120,5408,5712,2960
11296,5904,5392,3120
9920,5264,4656,3760
11728,6208,5520,2800
11392,5936,5456,3680
11312,6144,5168,4320
10608,5200,5408,3040
11264,5856,5408,4000
10544,5648,4896,2880
9936,5296,4640,3280
11200,6160,5040,3600
11344,6080,5264,3600
12240,6224,6016,5280
11024,5424,5600,3280
10160,4912,5248,2720
11360,6400,4960,4320
11840,6320,5520,3600
11584,6080,5504,3840
12016,6048,5968,3280
13648,6944,6704,3840
10816,5248,5568,3360
11232,5872,5360,4560
12080,6496,5584,4000
11056,5808,5248,2480
10944,5808,5136,3520
11472,5888,5584,3760
11456,5904,5552,3600
9568,5216,4352,3040
12208,6592,5616,3520
11344,6128,5216,3200
10752,5280,5472,2400
10528,5408,5120,2800
9664,5120,4544,2240
10416,5296,5120,3040
10080,5200,4880,2800
10080,5264,4816,3840
11600,6368,5232,4480
10400,5360,5040,3440
10688,5568,5120,3920
12160,5984,6176,4160
12192,6544,5648,3040
10448,5344,5104,3520
11120,5824,5296,4320
11520,5632,5888,3520
11600,6016,5584,3520
11536,6224,5312,4400
12176,6096,6080,4880
10608,5520,5088,3760
12080,6464,5616,3520
11840,6000,5840,3440
11536,5776,5760,2960
10928,5648,5280,3600
12144,6352,5792,4480
11504,6000,5504,4480
12512,6640,5872,3680
10192,5104,5088,3440
10320,5344,4976,4720
10064,5136,4928,3200
10000,5536,4464,3200
11232,5792,5440,2800
10720,5920,4800,3280
10624,5456,5168,3440
9072,4688,4384,3600
9584,5504,4080,4160
9280,5088,4192,3520
10640,5424,5216,3200
9936,4896,5040,2160
10992,5808,5184,4160
10432,5472,4960,3440
12208,6288,5920,2560
11632,6064,5568,4160
11408,6096,5312,3120
12880,6896,5984,3040
12064,6560,5504,4960
10736,5232,5504,3680
12208,6000,6208,3760
12608,6496,6112,2880
10912,5776,5136,3440
10816,5296,5520,3280
11856,6464,5392,4320
10784,5664,5120,4480
12064,6352,5712,4080
10864,5280,5584,3360
10192,5408,4784,3600
10992,5952,5040,3600
11328,5728,5600,3760
10848,5968,4880,3680
10896,5488,5408,3040
10816,5536,5280,3920
10272,4864,5408,2240
11168,5440,5728,3280
10656,5440,5216,3440
10160,5104,5056,3920
10832,5648,5184,3680
10480,5056,5424,3680
9936,5136,4800,3040
9968,4944,5024,3360
9680,5120,4560,3120
10304,5632,4672,4160
9584,5200,4384,4240
10912,5824,5088,3280
9872,5200,4672,1920
10896,5488,5408,3440
10576,5984,4592,3200
9312,4992,4320,4080
10608,5200,5408,3680
9744,5168,4576,3760
10528,5936,4592,4880
10336,5616,4720,3760
9456,5344,4112,3440
10112,4992,5120,4160
9600,4496,5104,3360
10592,5856,4736,3360
9968,5104,4864,3680
10176,5312,4864,3440
9280,4960,4320,2960
10160,5280,4880,3680
10192,5328,4864,2880
10928,6000,4928,2400
10816,5376,5440,4240
10976,5696,5280,3440
9104,4752,4352,3520
10064,5424,4640,3920
11760,5952,5808,5360
10208,5360,4848,3520
11264,5984,5280,4160
11328,6000,5328,3760
10032,5088,4944,2800
11536,5712,5824,3600
11072,5808,5264,3440
11408,5696,5712,2960
10864,6016,4848,3840
11824,6160,5664,3520
10272,5344,4928,2800
10336,5472,4864,4000
10128,5520,4608,3280
11280,5824,5456,4400
10368,5264,5104,3280
11040,6592,4448,3920
11248,5936,5312,3200
11840,5952,5888,3680
11440,5808,5632,3600
10176,5312,4864,2560
11552,6000,5552,4160
10896,5424,5472,3920
12432,6336,6096,4480
11056,6512,4544,4000
9376,4944,4432,3920
12032,6256,5776,4240
11760,6080,5680,4640
9792,4688,5104,2800
9984,5136,4848,2800
12480,6240,6240,4080
12912,6288,6624,4560
10176,5216,4960,3920
11312,5840,5472,4640
9984,5168,4816,3840
10976,5680,5296,2480
10304,5664,4640,2800
11344,5680,5664,3840
11232,5728,5504,3600
12416,6320,6096,3280
13472,7040,6432,4320
12400,6656,5744,4000
12224,6528,5696,2800
12496,6944,5552,3520
12016,6304,5712,4080
12960,7008,5952,3840
12192,6608,5584,4560
11936,6016,5920,3520
11344,5760,5584,3040
10304,5296,5008,4400
10064,5296,4768,3040
11888,6192,5696,3840
11216,5872,5344,4000
11296,6128,5168,3360
10064,5008,5056,3680
10720,5648,5072,3440
10192,5712,4480,3520
10576,5824,4752,3120
12320,6288,6032,3200
11312,5872,5440,3440
11936,6400,5536,4880
12176,6608,5568,4640
11440,6032,5408,3760
10528,6048,4480,3200
11184,5552,5632,2960
11696,5760,5936,3760
10784,5808,4976,2720
10864,6080,4784,3840
11488,6048,5440,3680
13200,6608,6592,3840
12288,6112,6176,2720
11264,6240,5024,4000
12496,6592,5904,3840
11536,6032,5504,3440
10272,5344,4928,2640
10000,5120,4880,3200
11632,6080,5552,3840
11472,6096,5376,3600
9136,5232,3904,3120
10320,5376,4944,3120
9872,5424,4448,3200
11328,6048,5280,3200
11200,5776,5424,5120
10960,6000,4960,3520
10640,5792,4848,2960
11216,6304,4912,3600
11696,6384,5312,5680
11040,5600,5440,3760
9632,4880,4752,2800
9872,5312,4560,2800
10912,5904,5008,2960
9968,5280,4688,2720
9968,5328,4640,4080
10208,4960,5248,4240
9024,4512,4512,3200
9584,5120,4464,2560
9760,4992,4768,2720
9888,5040,4848,3680
10128,5296,4832,3040
10064,5088,4976,3440
11040,5952,5088,3760
9872,4992,4880,2960
10256,5296,4960,4000
11216,5856,5360,5040
10160,5376,4784,3600
10912,5552,5360,3600
11744,5840,5904,5280
11392,5616,5776,3280
10896,5760,5136,3520
11248,5808,5440,3360
12240,5824,6416,3520
10448,5376,5072,3120
10192,5136,5056,2640
9680,5136,4544,3040
9632,5200,4432,3440
10496,5520,4976,2960
9936,5152,4784,4160
10288,4976,5312,3920
10224,5024,5200,3680
9408,4864,4544,3440
10704,5888,4816,3840
10768,5664,5104,3360
11360,5872,5488,3840
12080,6304,5776,4720
