10048,5616,4432,2960
9120,4848,4272,2400
8544,4496,4048,2800
9616,4768,4848,3440
9264,4736,4528,2080
8320,4496,3824,3120
9152,4736,4416,2640
8816,4384,4432,2240
8000,4400,3600,2800
7392,4144,3248,2160
8016,4048,3968,3280
9040,4992,4048,3200
8704,4800,3904,3120
8416,4240,4176,3840
8176,4192,3984,3440
7824,4272,3552,2880
8336,4400,3936,2560
9376,4928,4448,2560
8864,4896,3968,3280
9040,5120,3920,3360
8512,4336,4176,2400
8896,4784,4112,2560
8880,4480,4400,2800
9568,5024,4544,4560
7792,4256,3536,2960
9216,4992,4224,2640
9744,5152,4592,3600
8992,4704,4288,3040
9616,5072,4544,2880
9472,5136,4336,3760
8832,4672,4160,2320
8896,4976,3920,2320
8704,5040,3664,2720
9440,4784,4656,2560
8432,4560,3872,2720
9168,4976,4192,2800
8528,4192,4336,2720
8576,4608,3968,3120
8464,4544,3920,2800
8560,4320,4240,3040
9648,5040,4608,3440
8528,4768,3760,2400
8720,4784,3936,2960
7888,4096,3792,2240
7584,4096,3488,2560
8544,4576,3968,2960
8144,4336,3808,2320
8304,4608,3696,3920
7920,4304,3616,2480
8752,4848,3904,2480
7776,4416,3360,2240
8416,4512,3904,2960
8656,4496,4160,2240
7728,4304,3424,3040
8080,4464,3616,2080
9568,4784,4784,3280
8880,4688,4192,2960
8576,4352,4224,2000
9152,4960,4192,2880
8656,4416,4240,3200
8048,4544,3504,3920
8304,4224,4080,1600
8704,4848,3856,2720
7808,4400,3408,2720
8080,4448,3632,2560
8400,4336,4064,2800
7936,4352,3584,2640
8368,4608,3760,2800
8976,4544,4432,3520
9376,4688,4688,3520
8704,4720,3984,2800
7840,4048,3792,2960
8816,4384,4432,3040
7856,3920,3936,2800
8000,4256,3744,2720
9808,5200,4608,2480
8784,4512,4272,2240
8688,4816,3872,2560
9072,4864,4208,3200
7552,3920,3632,2640
8304,4224,4080,3120
8256,4128,4128,3520
8544,4192,4352,2800
7808,4336,3472,3120
8672,4352,4320,2480
8784,4752,4032,3280
8784,4800,3984,2320
9632,4736,4896,2960
9136,4848,4288,3040
8864,4432,4432,3040
8752,4560,4192,3440
8480,4816,3664,2400
9056,5008,4048,3280
8800,4496,4304,2160
8480,4560,3920,2080
8288,4432,3856,3760
8544,4576,3968,2800
8480,4432,4048,2160
7776,4224,3552,2400
8672,4640,4032,2800
9184,5008,4176,2880
9376,5248,4128,3440
9296,4944,4352,3040
7728,4048,3680,3600
8416,4352,4064,2800
8192,4192,4000,2800
8160,4272,3888,3040
8384,4544,3840,3600
8592,4704,3888,2080
7840,4384,3456,2560
8224,4368,3856,2880
8448,4576,3872,2320
8320,4528,3792,3120
9152,4736,4416,3200
8976,5024,3952,2800
8416,4464,3952,1840
8080,4544,3536,2560
8352,4672,3680,2800
8768,4688,4080,2720
8608,4704,3904,3840
9280,4736,4544,2480
8816,4656,4160,2160
8704,4704,4000,3520
9712,5280,4432,3520
10176,5216,4960,3120
8336,4592,3744,2640
7840,4016,3824,2560
8741,4587,4155,2400
8480,4704,3776,2400
8336,4368,3968,2160
8832,5024,3808,2800
8560,4432,4128,2080
9152,4352,4800,3040
8400,4256,4144,3040
8464,4224,4240,2400
8384,4320,4064,4000
8608,4288,4320,3200
9040,4576,4464,2480
8032,4160,3872,2560
8192,4784,3408,2240
8480,4432,4048,1840
8480,4464,4016,3280
7808,4720,3088,2960
7856,4112,3744,2560
8480,4560,3920,2240
9616,5040,4576,2960
9072,4576,4496,3520
8336,4304,4032,3040
8688,4848,3840,2320
7392,3760,3632,2400
8016,4384,3632,2160
8176,4160,4016,2800
8544,4400,4144,2240
8752,4624,4128,3440
8928,4528,4400,3440
9696,5280,4416,4080
7888,4224,3664,2400
8128,4016,4112,2960
7904,3920,3984,2320
9216,5184,4032,3600
8288,4832,3456,2880
7632,3856,3776,3280
8976,4928,4048,3280
8064,4400,3664,3120
7744,4000,3744,3040
7632,4016,3616,2240
8320,4224,4096,2800
8752,4544,4208,2560
7824,4304,3520,3760
8800,4960,3840,2240
8224,4480,3744,3840
8160,4176,3984,2720
8528,4672,3856,3200
8640,4400,4240,2880
7872,4112,3760,2080
7632,4016,3616,2720
7680,4016,3664,3280
7968,4208,3760,2960
7792,4112,3680,3440
8304,4448,3856,3360
8880,4864,4016,2240
8208,4304,3904,2560
8752,4448,4304,3600
8112,4160,3952,4320
8720,4288,4432,3120
8928,4752,4176,2240
9280,4832,4448,3440
8656,4768,3888,3600
9184,4784,4400,2800
8800,4832,3968,2800
8160,4704,3456,3360
8912,4672,4240,3200
8784,4608,4176,2400
9088,4928,4160,3360
8848,4592,4256,2720
8992,4768,4224,2000
9248,5008,4240,2800
7952,4320,3632,2480
8848,4528,4320,2880
9328,5040,4288,2480
9312,4896,4416,2400
9712,5120,4592,3760
9664,4736,4928,3200
9344,4848,4496,3040
8704,4832,3872,3440
8784,4336,4448,3280
8848,5104,3744,2800
8016,4256,3760,2000
9408,4960,4448,2640
9008,4816,4192,3120
9024,4912,4112,2720
10000,5456,4544,2480
9904,5296,4608,4080
10080,5408,4672,3360
9200,4960,4240,3280
8560,4704,3856,2880
9312,5152,4160,2800
9456,5312,4144,2880
9824,5072,4752,2960
9168,4944,4224,3600
9792,5280,4512,2960
9376,5120,4256,2480
7968,3680,4288,2640
9216,4784,4432,3120
7584,4144,3440,1920
6848,3696,3152,2720
7952,4064,3888,2880
8352,4736,3616,2480
7984,3984,4000,2480
7680,3904,3776,1920
7776,4272,3504,3520
8576,4512,4064,2480
8432,4512,3920,3440
8208,4624,3584,2960
8272,3920,4352,2320
8656,4656,4000,2720
6896,3456,3440,2400
7504,4016,3488,3600
7616,3680,3936,2080
7952,4288,3664,2960
8528,4432,4096,3200
9264,4576,4688,3200
7872,3888,3984,2160
8032,4208,3824,3280
8912,4544,4368,3040
8032,4576,3456,2640
8992,4880,4112,3200
7808,4064,3744,4160
7888,4272,3616,2880
8032,4256,3776,2320
8688,4512,4176,4080
7920,4384,3536,2160
8816,4592,4224,2240
8352,4640,3712,2480
8960,4592,4368,2240
7371,3947,3424,2880
8224,4352,3872,3200
7840,4160,3680,2400
7792,4144,3648,2960
8000,3984,4016,2400
8192,4304,3888,3200
7776,4272,3504,3040
8256,4304,3952,1920
8800,4752,4048,2880
7872,4176,3696,2880
7584,4160,3424,2720
7568,4032,3536,3040
7856,4352,3504,3200
8448,4880,3568,3200
8496,4320,4176,3200
8048,4512,3536,2560
7392,4144,3248,2720
7936,4400,3536,2960
7936,4112,3824,2800
7744,4304,3440,3360
8512,4640,3872,2320
8336,4512,3824,2480
7888,4208,3680,1760
7920,4176,3744,2240
8448,4928,3520,2320
8528,4928,3600,2800
6800,3808,2992,2080
8784,4736,4048,2960
9104,4864,4240,3040
8496,5008,3488,2480
7856,4224,3632,2240
9040,5216,3824,3360
9152,4736,4416,3200
8336,4480,3856,2240
7488,3856,3632,3040
8288,4352,3936,2480
8512,4720,3792,2400
8992,4704,4288,2480
8624,5040,3584,2160
7424,3968,3456,3120
8576,4240,4336,2560
7264,3520,3744,2800
7504,4224,3280,2400
7712,3952,3760,2400
8320,4864,3456,2480
8720,4672,4048,3200
8352,4896,3456,2720
8480,4848,3632,3280
8704,4640,4064,2720
8192,4688,3504,2400
7360,3776,3584,2720
7968,4320,3648,2880
8352,4416,3936,3120
8464,4608,3856,2880
8848,4176,4672,2960
8896,4720,4176,3360
8304,4352,3952,2160
8368,4432,3936,3600
8144,4336,3808,2800
7856,3808,4048,2560
7920,4176,3744,2160
7488,3856,3632,2640
7632,4128,3504,2880
8240,4688,3552,3600
8256,4448,3808,2240
7840,3920,3920,3200
8176,4144,4032,2720
8144,4272,3872,2880
7536,4112,3424,2880
7488,3856,3632,3120
7696,4336,3360,3040
7424,3952,3472,1680
8256,4416,3840,2800
8016,4480,3536,2320
8016,4256,3760,2240
8624,4352,4272,1760
8272,4400,3872,2800
8384,4224,4160,3040
7312,3968,3344,3760
8416,4720,3696,3680
7280,3904,3376,2160
8720,4496,4224,2720
8112,4304,3808,2720
8688,4112,4576,3040
8048,4448,3600,2240
7472,4016,3456,2320
8224,4432,3792,3600
8208,4272,3936,2560
7184,4000,3184,2560
7776,4272,3504,2480
7072,3632,3440,2240
6384,3632,2752,2000
7104,3728,3376,2400
7008,3920,3088,3440
7072,3920,3152,2080
6768,3664,3104,2880
7520,3728,3792,1920
7344,3984,3360,1920
6720,3744,2976,2480
7568,4160,3408,1680
7184,3952,3232,2960
6720,3648,3072,2800
6640,3728,2912,2240
7680,4256,3424,2400
7664,4272,3392,3200
6944,3600,3344,2160
8192,4048,4144,2880
8592,4512,4080,2640
6912,3936,2976,3040
8080,4272,3808,2880
7760,4096,3664,3520
7280,3840,3440,1920
6992,3920,3072,2400
8192,4368,3824,2320
6704,3264,3440,1680
7696,3888,3808,2560
7472,4016,3456,2000
6784,4000,2784,1600
8112,4528,3584,2800
7008,3888,3120,2000
7456,4224,3232,2640
8112,4448,3664,2800
8160,4352,3808,3280
9232,4688,4544,3600
7136,3760,3376,2480
6944,3728,3216,2000
7536,4016,3520,2480
6768,3616,3152,2880
7296,3952,3344,2400
8144,4256,3888,2720
8016,4208,3808,2480
8352,4240,4112,3440
8144,4672,3472,2880
8944,4704,4240,3600
6944,3712,3232,3440
7392,4288,3104,2560
8432,4432,4000,3760
8512,4544,3968,2800
8064,4416,3648,3040
7984,4464,3520,2640
8016,4432,3584,2960
8304,4512,3792,2560
8304,4624,3680,2880
7904,4432,3472,2800
8224,4704,3520,2640
7744,4144,3600,1920
7008,3728,3280,2160
8464,4480,3984,2480
8752,4720,4032,2560
7824,4048,3776,3200
7408,3712,3696,2160
8000,4368,3632,2880
7632,4240,3392,2800
7648,4080,3568,2160
6800,3632,3168,2560
8336,4720,3616,3360
8064,4256,3808,2400
8352,4560,3792,2240
9072,4560,4512,3040
8896,4384,4512,3360
8576,4544,4032,3200
8000,4480,3520,2240
8240,4368,3872,2640
8016,4560,3456,2240
8368,4384,3984,2960
8384,4592,3792,3440
8384,4288,4096,2640
9296,4848,4448,3120
8944,4960,3984,3040
8128,4208,3920,2640
8064,4448,3616,2880
8080,4480,3600,3200
8528,4416,4112,3200
8576,4384,4192,4000
8688,4640,4048,2640
8528,4512,4016,3040
9520,4864,4656,3040
7968,4448,3520,2560
8528,4912,3616,3520
7584,4144,3440,2880
7600,4144,3456,3040
7888,4144,3744,2160
9264,5184,4080,3040
8736,4736,4000,2400
9040,4576,4464,2480
8640,4528,4112,2320
8672,4384,4288,3760
8896,4576,4320,3360
8496,4224,4272,3360
8432,4336,4096,3040
8416,4976,3440,3120
8336,4384,3952,3120
9280,4672,4608,3760
8240,4208,4032,2240
8816,4528,4288,3040
8496,4432,4064,2640
9328,5200,4128,3040
8432,4640,3792,2560
8080,4160,3920,2400
7920,4272,3648,3440
7712,4224,3488,2560
8064,4240,3824,3120
8144,4528,3616,2400
6992,3760,3232,2320
8672,4464,4208,3120
7824,4288,3536,2560
8208,4400,3808,2160
8720,4928,3792,3360
8272,4224,4048,4240
8080,4656,3424,3360
8816,4800,4016,3520
8272,4384,3888,2560
9200,4784,4416,3120
8208,4240,3968,3520
8368,4176,4192,3680
8160,4320,3840,2800
8240,4784,3456,3760
8912,4832,4080,1920
8608,4624,3984,2240
7472,3776,3696,1920
9632,5280,4352,3040
9024,4992,4032,3360
7536,4240,3296,2160
8192,4304,3888,2720
8768,4992,3776,2080
