14160,7680,6480,4640
13120,7104,6016,4480
14640,8528,6112,4240
13104,6640,6464,5120
10464,5472,4992,3040
9248,5680,3568,3200
11536,6656,4880,3840
9952,5248,4704,3200
9680,5616,4064,2640
9824,5728,4096,3440
8992,5472,3520,2720
8656,5136,3520,2320
9616,5440,4176,2640
10752,5824,4928,4000
10848,5824,5024,3600
11264,6416,4848,2720
11088,6192,4896,3440
9152,5152,4000,3440
9264,5360,3904,2640
8336,4400,3936,3360
8592,4880,3712,2560
9856,5264,4592,2480
9664,5296,4368,3840
10224,5456,4768,3360
10128,5584,4544,4480
8624,4736,3888,2800
9920,5584,4336,2880
9264,5552,3712,3120
10352,5632,4720,3600
9248,5296,3952,2800
8656,4464,4192,3280
7408,4304,3104,2880
7520,4464,3056,2560
8736,4816,3920,2560
8368,4704,3664,2560
6784,4016,2768,2080
9328,5312,4016,2400
7840,4704,3136,3360
8096,4560,3536,3120
8736,5168,3568,2800
8656,5216,3440,2240
9472,4912,4560,3040
7840,4576,3264,2640
7552,4368,3184,2080
8288,4592,3696,2000
7120,4112,3008,2320
7360,4112,3248,2080
6944,4096,2848,3120
8288,4400,3888,2560
8768,4800,3968,3200
8272,4352,3920,2880
6688,3920,2768,3120
7744,4256,3488,2480
8560,5088,3472,2160
7728,4240,3488,3840
7888,4464,3424,2480
7552,4192,3360,2240
7168,4096,3072,2080
7184,4064,3120,2800
7808,4336,3472,2480
7776,4256,3520,2000
8496,4672,3824,2240
8880,5120,3760,2720
9312,5168,4144,2800
9760,5440,4320,3040
10320,5824,4496,4160
10432,5776,4656,2720
11712,6448,5264,2720
10656,6176,4480,3760
11552,5984,5568,3040
11504,6288,5216,3760
11312,6176,5136,4240
11072,5936,5136,2720
10992,6000,4992,3120
11952,6768,5184,3760
11008,5840,5168,2560
11264,6160,5104,2720
10416,5424,4992,3440
10480,5344,5136,2560
11904,6576,5328,3600
11184,6464,4720,3280
10944,6304,4640,2880
10352,5744,4608,3200
11696,6576,5120,3840
10784,5808,4976,3440
10688,6256,4432,4480
11520,6304,5216,3440
10864,5936,4928,3840
11168,6160,5008,3360
11216,6160,5056,3280
11568,6224,5344,3360
10496,5776,4720,2640
10576,5792,4784,2800
10736,5824,4912,3120
10608,5840,4768,3440
10944,5616,5328,3760
11296,5952,5344,2720
12368,6752,5616,3040
10992,6176,4816,2720
11792,6592,5200,3440
10208,5632,4576,3520
11136,6416,4720,3600
11216,6064,5152,3280
9952,5392,4560,2640
10496,5600,4896,2240
10768,5552,5216,3520
9760,5024,4736,2080
11072,6048,5024,2800
10608,5984,4624,3280
10896,5616,5280,3600
10528,5808,4720,2960
10768,5456,5312,2800
9920,5456,4464,4080
9888,5600,4288,2720
10928,5920,5008,3040
10320,5904,4416,2880
10800,5760,5040,3040
9840,5184,4656,3120
10224,5856,4368,4400
11280,6352,4928,2880
10160,5680,4480,3040
10784,5888,4896,2000
10896,6176,4720,3120
9968,5088,4880,1920
9712,4880,4832,2880
10240,5696,4544,2160
10336,5840,4496,2320
10320,5728,4592,2560
10688,5600,5088,3440
10000,5504,4496,3440
10624,5920,4704,2560
10672,5840,4832,2960
10032,5408,4624,2640
9600,5216,4384,2640
10400,5664,4736,3280
11072,6144,4928,2800
9920,5616,4304,2880
10704,6064,4640,3760
9984,5456,4528,3280
10032,5328,4704,2240
10272,6032,4240,3200
9520,5392,4128,2720
9728,5136,4592,3440
9648,5024,4624,3920
9040,4800,4240,3120
9536,5184,4352,2240
9520,5296,4224,2800
9312,5120,4192,2640
9952,5552,4400,2320
9024,5024,4000,3040
9088,5328,3760,3040
9248,5040,4208,2480
9424,5088,4336,3120
9152,4976,4176,2880
9344,5040,4304,2720
9504,5056,4448,2000
8384,4912,3472,2960
9344,4912,4432,2800
9168,4640,4528,2720
8240,4608,3632,3360
8816,5104,3712,2480
8784,4912,3872,2720
8784,5104,3680,2480
8896,4720,4176,3280
8688,4528,4160,2560
9776,5168,4608,3200
9120,4976,4144,3600
9168,4880,4288,2240
8640,4960,3680,2560
8832,5200,3632,2800
7776,4224,3552,2800
8144,4304,3840,3360
8656,4864,3792,3280
8096,4768,3328,3040
8880,5040,3840,3200
8128,4480,3648,3200
8848,4752,4096,2640
7920,4320,3600,3520
8208,4448,3760,2880
8416,4752,3664,3040
8912,4832,4080,3200
8256,4688,3568,2160
8416,4896,3520,2800
8544,4496,4048,2480
8736,4736,4000,3280
8320,4576,3744,2640
8688,4816,3872,2400
8320,4560,3760,2640
8112,4704,3408,2640
8944,4848,4096,2400
8240,4672,3568,2160
8896,4640,4256,2960
8880,4976,3904,2800
8848,5024,3824,2480
8640,4992,3648,1520
8032,4320,3712,2160
8528,4752,3776,2400
7520,4432,3088,2560
7952,4368,3584,2960
8544,5344,3200,3760
8352,4608,3744,2400
7680,4304,3376,2080
8288,4560,3728,2400
9296,5088,4208,2560
8576,4688,3888,2960
7808,4288,3520,3440
7984,4352,3632,2480
9360,4960,4400,2160
8528,4736,3792,3520
8752,5280,3472,2800
8352,4672,3680,2640
8400,4336,4064,2080
8256,4416,3840,3200
8448,4608,3840,1760
8960,5184,3776,2560
8864,4848,4016,2560
8032,4096,3936,2400
8448,4672,3776,3280
7728,4272,3456,3120
8096,4432,3664,2800
8048,4288,3760,2720
8976,4912,4064,2080
8560,4912,3648,2960
7712,4320,3392,3040
8224,4464,3760,3600
8432,4720,3712,2800
7936,4448,3488,3200
8496,4448,4048,2720
8848,4672,4176,2960
8512,4704,3808,3520
8272,4480,3792,2480
7328,3680,3648,2880
7984,4432,3552,2560
8432,4560,3872,1520
8704,4864,3840,2720
7680,4288,3392,3360
7760,4432,3328,1920
8320,4480,3840,2800
8112,4368,3744,2480
8256,4752,3504,2720
7808,4560,3248,2960
8432,4800,3632,2720
9232,4912,4320,4080
9568,4912,4656,2720
8960,4672,4288,2960
8192,4480,3712,2240
8512,4720,3792,2400
8704,4560,4144,3360
8816,4672,4144,2640
8336,4544,3792,2320
8400,4704,3696,2560
9296,5280,4016,3120
9040,4976,4064,3040
8608,4816,3792,2560
8560,4784,3776,3680
8491,4661,3829,3360
7776,4272,3504,2960
8352,4480,3872,2720
7680,4224,3456,3600
8784,4736,4048,2240
7920,3968,3952,2240
7904,4736,3168,2240
7824,4176,3648,3360
7968,4672,3296,2000
8240,4496,3744,2880
8048,4304,3744,3280
7744,4256,3488,2240
8416,4672,3744,2800
8112,4288,3824,1680
7616,4208,3408,2080
8816,4960,3856,2320
8464,4848,3616,2880
8288,4448,3840,2720
7488,4256,3232,3040
7680,4336,3344,2640
7920,4352,3568,2400
8272,3968,4304,2960
8304,4352,3952,2480
8064,4192,3872,3200
7888,4256,3632,3200
8032,4464,3568,3120
8208,4528,3680,3520
8064,4672,3392,2880
8816,4656,4160,3520
8640,4544,4096,2320
8112,4672,3440,3040
7952,4464,3488,2320
8128,4336,3792,2720
7536,4032,3504,2160
7552,4096,3456,2880
7424,4224,3200,2800
7552,4224,3328,2640
7920,4144,3776,3280
7264,4144,3120,2320
7328,4256,3072,2560
7216,3984,3232,1600
7696,4368,3328,2320
7616,4240,3376,2000
7744,4208,3536,2400
7664,4256,3408,1200
7968,4416,3552,2640
7216,4032,3184,2880
6336,3296,3040,2320
6848,3760,3088,2640
7264,4080,3184,2720
7424,4112,3312,2960
7376,4048,3328,2560
6864,4112,2752,2720
7072,3712,3360,2560
6880,4256,2624,1760
7120,3856,3264,2480
7392,4064,3328,2960
7664,4432,3232,2640
7552,4064,3488,3280
7280,3936,3344,2480
7856,4384,3472,2880
6928,3936,2992,2720
6848,3984,2864,2400
6624,3744,2880,2240
7264,3904,3360,2320
7520,4064,3456,2320
7712,4080,3632,2320
6832,3616,3216,1840
6944,3760,3184,2320
7392,4048,3344,3200
7072,3824,3248,2240
6992,4112,2880,2320
6896,3808,3088,1760
6480,3424,3056,2320
7264,4272,2992,2400
7472,4336,3136,3440
6528,3760,2768,2400
7296,4384,2912,1840
7824,4112,3712,2240
7888,4304,3584,2480
7120,4080,3040,1920
7040,4048,2992,2720
7472,4176,3296,2720
6864,3856,3008,2400
7440,4144,3296,2400
7024,3792,3232,2400
7312,3840,3472,2080
7152,4144,3008,2240
6624,3408,3216,2800
7104,4032,3072,2880
7296,3744,3552,2880
6992,4000,2992,2400
7152,4064,3088,2320
5920,3376,2544,2160
6736,3584,3152,1840
7328,4208,3120,1680
7024,3904,3120,1920
6800,3792,3008,2400
7168,4048,3120,2240
7440,4272,3168,3120
7040,3872,3168,2000
6656,3696,2960,2400
7008,3840,3168,1840
6496,4032,2464,2000
6432,3328,3104,1920
6256,3312,2944,2400
6544,3552,2992,2480
6448,3600,2848,2480
6096,3424,2672,2400
6512,3888,2624,2480
6752,3856,2896,2160
7088,3808,3280,2400
6464,3728,2736,2960
6240,3296,2944,2080
6672,3680,2992,1760
6560,3856,2704,1440
6592,3664,2928,1920
6816,3920,2896,2080
6352,3616,2736,3040
6432,3648,2784,2000
6464,3680,2784,2720
6368,3360,3008,2560
6288,3104,3184,2240
6064,3216,2848,3200
6160,3552,2608,2000
6304,3440,2864,2080
7120,4176,2944,2480
6624,3664,2960,2800
7280,4176,3104,2480
6832,3984,2848,2080
6608,3408,3200,2160
6672,3792,2880,2160
6496,3424,3072,1920
5968,3376,2592,2720
7136,4368,2768,1680
6720,3552,3168,2960
6464,3664,2800,2480
6592,3888,2704,2080
6816,3904,2912,2960
6432,3760,2672,3200
6400,3744,2656,2320
6896,3664,3232,2320
7008,3776,3232,2160
7232,3696,3536,2800
6896,3792,3104,2000
6576,3488,3088,2480
6864,3920,2944,2240
7264,4016,3248,2960
6688,3872,2816,2800
7296,4272,3024,2640
7040,3872,3168,3760
6640,3648,2992,2240
6448,3584,2864,2160
6816,3904,2912,2080
6672,3968,2704,2240
6992,3824,3168,1920
6736,3936,2800,3200
6848,3776,3072,2000
7152,4064,3088,2880
6896,3808,3088,2400
6400,3392,3008,2480
5952,3392,2560,2160
7104,3968,3136,2080
7184,4096,3088,2720
6880,3856,3024,2160
6576,3504,3072,2320
6592,3536,3056,1680
6640,3632,3008,2320
6704,3808,2896,1840
7312,4112,3200,2080
7280,4016,3264,2160
7136,3840,3296,3120
7664,4512,3152,2720
7408,4016,3392,2160
6816,3744,3072,2240
6608,3760,2848,3360
7296,4304,2992,2800
6720,3440,3280,1680
7072,3552,3520,2480
7520,4304,3216,2560
6656,3408,3248,2560
7328,4112,3216,2480
6512,3824,2688,2160
6800,3760,3040,2240
7152,3872,3280,2240
6592,3536,3056,2560
6976,3712,3264,2960
6912,3536,3376,2240
7312,3856,3456,2800
7584,4048,3536,2400
7136,4032,3104,2000
7120,4128,2992,2240
7344,4336,3008,2640
7136,4192,2944,3280
6864,3504,3360,2560
7408,4112,3296,2240
6752,3872,2880,2560
6560,3616,2944,3120
6976,3952,3024,4080
6608,3840,2768,2800
6400,3472,2928,2320
6944,3600,3344,2880
7520,4032,3488,2400
6720,3680,3040,2800
7296,3968,3328,2240
6704,3584,3120,1840
7376,4032,3344,2640
6928,3856,3072,3040
6928,3648,3280,1840
7152,4096,3056,2400
7168,4016,3152,3520
6768,3888,2880,3600
6528,3696,2832,1920
7200,3856,3344,2480
6784,4192,2592,3280
6320,3568,2752,2000
6640,3568,3072,2320
6656,3664,2992,2000
7024,3856,3168,3040
7648,4032,3616,1840
7200,4064,3136,2320
6096,3216,2880,2640
7344,3888,3456,2160
6816,3712,3104,2160
6768,3568,3200,2480
