23264,11648,11616,12400
24704,12224,12480,12720
18480,9200,9280,8480
14448,7584,6864,7840
17328,8688,8640,10000
19408,9360,10048,11680
20400,10048,10352,10640
17680,8768,8912,8880
15744,7840,7904,9840
13648,7008,6640,7440
13216,6672,6544,6640
15408,7776,7632,7280
15392,7824,7568,7040
14544,7680,6864,6880
19344,9744,9600,10000
19568,9824,9744,9840
16688,8240,8448,7520
13696,7008,6688,6000
17776,8912,8864,9280
20704,9920,10784,12320
20576,9584,10992,10640
22208,11040,11168,12080
18384,9568,8816,10640
17376,8592,8784,9120
19856,9920,9936,9920
21616,10112,11504,12240
20288,10288,10000,9520
19392,9824,9568,10080
17824,8960,8864,9120
16560,8112,8448,7120
22880,10896,11984,12480
23648,11568,12080,14400
21808,10480,11328,13600
20112,9312,10800,11360
18864,9600,9264,8160
20048,10032,10016,11360
22832,11040,11792,12720
24352,11728,12624,12800
22528,10896,11632,11920
21248,10368,10880,13280
17344,9088,8256,8720
17600,8608,8992,8080
21424,10784,10640,11200
22704,10480,12224,14320
20176,10784,9392,9520
21136,9568,11568,12400
24544,11632,12912,10080
17984,9152,8832,8880
16944,8544,8400,8240
17824,8848,8976,8240
19824,9776,10048,10000
23104,11760,11344,12880
17488,8608,8880,8080
15824,7600,8224,7360
16240,7968,8272,6480
17280,8368,8912,8400
21120,10080,11040,12320
21376,10256,11120,12720
26640,13360,13280,15120
20864,10640,10224,9680
16064,8848,7216,6960
12512,6848,5664,5840
15712,8000,7712,8160
19328,9312,10016,11520
21104,10896,10208,10960
20144,10272,9872,10560
20896,10176,10720,12720
24576,11952,12624,12400
21072,10304,10768,10880
18688,9344,9344,10240
17056,9008,8048,8160
17824,8528,9296,8000
22336,11152,11184,11120
23632,10960,12672,15760
27616,12720,14896,16480
24064,11424,12640,13760
22992,11408,11584,11360
23936,11728,12208,11840
21136,11008,10128,9760
20416,10704,9712,11040
20416,9728,10688,11920
15424,8096,7328,7920
18448,9440,9008,9200
15952,8672,7280,8480
14544,7344,7200,6080
17392,9136,8256,7600
16880,8624,8256,8000
14928,8384,6544,7760
20176,10288,9888,10640
22336,10944,11392,11280
22704,10784,11920,11120
23584,11216,12368,11040
20448,10128,10320,8320
14704,7408,7296,5760
18704,9008,9696,7280
17744,9168,8576,8000
14736,7264,7472,6400
20832,10032,10800,10160
23696,11456,12240,12400
18448,9600,8848,7920
16160,8544,7616,9120
20656,9600,11056,10320
18480,9440,9040,6160
15248,7888,7360,6960
16672,8624,8048,10320
21760,10880,10880,9280
22688,10784,11904,14080
20704,10400,10304,10080
17296,8656,8640,7120
15872,8176,7696,6000
19888,10064,9824,8400
19872,9584,10288,9040
19056,9504,9552,10720
16432,8672,7760,7840
17424,8560,8864,9120
21888,10848,11040,9760
21008,10192,10816,10240
15328,8160,7168,5840
16624,8464,8160,10080
20928,11264,9664,8960
22176,10784,11392,11920
26112,12720,13392,13440
25200,12752,12448,13920
21648,10832,10816,11040
21856,10800,11056,10080
16384,8720,7664,7920
20000,10016,9984,11280
17872,8944,8928,7680
17040,9056,7984,8480
20160,9952,10208,10320
18832,9728,9104,10480
18544,9328,9216,8640
16896,8496,8400,7600
15568,8288,7280,6320
15216,7440,7776,9200
18512,9232,9280,8000
16160,8320,7840,8240
19024,9776,9248,9920
15568,7840,7728,7280
12704,6544,6160,4640
16240,8576,7664,9840
16976,8656,8320,10320
18880,9824,9056,10160
22800,11472,11328,10800
19584,9680,9904,9040
19008,9456,9552,8400
14768,8000,6768,7120
15264,7872,7392,7120
16144,7776,8368,6320
16672,8080,8592,8800
16992,8576,8416,7760
15440,8080,7360,5600
15904,8192,7712,6640
19792,9712,10080,6800
15504,8432,7072,6960
18256,9136,9120,9200
21552,11168,10384,9040
23056,11072,11984,11680
19232,9856,9376,8320
19872,9728,10144,10560
23440,11456,11984,12960
25504,12272,13232,12960
21824,11424,10400,10240
21760,10688,11072,9200
22288,11040,11248,11680
24432,11584,12848,13360
23888,12352,11536,10160
19424,10224,9200,8160
20176,10512,9664,8960
21968,10976,10992,11920
29408,14384,15024,16720
30832,14656,16176,18080
19424,9376,10048,7760
12336,6832,5504,4800
12656,6720,5936,6240
13952,6768,7184,5520
11408,6176,5232,4480
12240,6608,5632,4400
17264,8832,8432,7440
26432,12592,13840,14640
26496,12928,13568,12480
21280,10544,10736,8880
15408,8688,6720,6640
16464,8688,7776,7200
23248,10928,12320,10320
25904,12752,13152,12800
25888,12304,13584,11200
21008,10528,10480,8320
18480,9488,8992,6400
19136,9984,9152,8640
20736,10768,9968,11040
17968,9136,8832,7200
13312,7216,6096,4720
15504,8128,7376,9040
19568,9984,9584,8880
20512,10320,10192,9440
18848,9184,9664,10000
28608,13504,15104,13600
26512,13712,12800,14560
23824,12320,11504,12480
21904,10688,11216,12400
15920,8144,7776,6800
17520,9008,8512,7920
20656,10480,10176,10160
18704,10240,8464,8000
24240,12416,11824,11360
22720,11024,11696,10400
21616,10528,11088,9600
20832,11088,9744,7120
19376,9984,9392,7680
23392,11392,12000,12240
25584,11792,13792,10800
20176,10480,9696,8800
22032,11280,10752,9120
23552,11360,12192,12000
18960,9168,9792,8880
12352,6832,5520,6560
14608,7472,7136,6720
16576,8592,7984,6560
15712,8336,7376,6720
16752,9152,7600,7120
19104,10000,9104,6960
20224,10592,9632,8240
20704,10880,9824,10480
18752,9600,9152,7440
15040,7840,7200,5600
17184,9248,7936,7280
26256,12976,13280,12400
22080,11376,10704,10160
13968,8032,5936,4960
20896,10720,10176,10240
26384,13136,13248,12960
16880,8656,8224,6240
15216,8272,6944,6320
17984,9072,8912,6960
21392,10768,10624,9600
20832,10800,10032,10400
21984,11264,10720,10160
27760,13776,13984,12560
28976,14528,14448,14080
26464,13344,13120,14320
18432,9232,9200,8720
13456,7232,6224,5040
17424,9216,8208,7280
25808,12800,13008,13040
29152,14336,14816,12000
23184,11600,11584,9840
23696,11920,11776,10880
20672,10864,9808,8000
27120,13248,13872,12560
31296,14800,16496,14560
32400,15664,16736,17280
26592,13488,13104,12160
23152,12144,11008,9760
24624,12848,11776,9120
29904,14944,14960,14400
18688,10384,8304,8480
21584,10864,10720,8000
24672,12224,12448,11360
21072,11008,10064,8720
23952,12048,11904,10000
18240,9536,8704,5920
17696,9216,8480,7840
17088,8944,8144,6880
20416,10384,10032,9680
25104,13264,11840,11280
21872,11456,10416,9280
28496,14416,14080,14320
28752,14384,14368,11520
29296,14048,15248,14880
22096,11872,10224,7840
14736,8368,6368,5520
18544,9776,8768,8480
17312,9648,7664,6160
16576,8720,7856,6160
24704,12608,12096,8480
19952,10512,9440,6640
25984,12752,13232,9840
21840,11440,10400,8320
16752,9328,7424,6400
18336,9488,8848,7600
24224,13056,11168,10000
29056,15152,13904,11440
30608,15552,15056,12320
28912,14592,14320,13280
29904,15280,14624,11520
38048,18272,19776,17120
37392,18576,18816,15360
35680,17520,18160,15040
40496,20176,20320,16560
38480,18592,19888,16960
34496,17472,17024,15600
24576,12816,11760,8400
25328,13536,11792,9520
20256,11088,9168,5920
21680,11488,10192,8240
25472,12992,12480,8240
30224,15456,14768,12720
22480,11520,10960,7200
24832,12752,12080,8960
28032,14064,13968,9840
29936,15312,14624,11360
19632,10592,9040,6800
18416,9984,8432,7680
18032,9728,8304,5520
19776,10080,9696,7680
15840,7872,7968,5520
11696,6640,5056,4400
12112,6480,5632,4240
15344,8272,7072,6080
19152,10576,8576,6160
22608,12352,10256,8160
27920,13936,13984,10240
23328,12416,10912,6880
20624,10816,9808,6400
25664,13632,12032,7120
28928,14656,14272,11600
18432,10352,8080,6080
21280,10688,10592,7360
21248,11456,9792,7680
25408,13392,12016,10160
25680,13424,12256,7840
28848,14976,13872,9360
29248,15664,13584,12000
22304,11824,10480,8480
28528,14368,14160,9200
24384,12640,11744,8000
27664,14000,13664,8000
30544,15808,14736,9840
22816,11984,10832,6640
26560,14192,12368,7680
29920,15472,14448,10480
25392,13856,11536,7200
27760,14704,13056,8400
29296,15664,13632,8960
30576,16048,14528,11120
28032,14112,13920,8320
28368,15424,12944,8480
27264,13616,13648,8400
22160,11712,10448,6880
23760,12768,10992,9200
22960,12464,10496,5520
19888,11136,8752,5680
21120,11904,9216,5200
17632,9872,7760,4400
19056,9936,9120,5040
18640,9936,8704,4880
13712,7472,6240,3280
11920,6896,5024,3920
11680,6384,5296,3600
11984,7296,4688,3200
11056,5984,5072,3840
10768,6512,4256,3680
12800,7152,5648,4080
14256,7888,6368,4720
15568,8480,7088,4240
11504,6464,5040,3280
9200,5584,3616,3360
10080,5344,4736,3440
10720,6256,4464,4080
9760,5248,4512,3040
8176,4640,3536,1920
8336,4672,3664,3280
8448,4656,3792,3040
7776,4304,3472,2960
8176,4576,3600,3200
9424,5376,4048,2320
8704,4928,3776,3040
8416,4832,3584,2560
7312,4288,3024,1600
8416,5184,3232,2720
8416,4704,3712,2800
7936,4800,3136,2480
7664,4432,3232,2800
9024,4720,4304,3360
8304,4608,3696,2000
8848,4800,4048,2240
8112,4672,3440,2640
9744,5296,4448,3440
8016,4560,3456,2960
8432,4688,3744,2240
8192,4512,3680,3040
8784,4976,3808,2960
8112,4112,4000,2160
10240,5456,4784,2960
10384,5696,4688,3600
10864,5888,4976,3920
10432,5584,4848,3040
10928,5824,5104,3360
10032,5312,4720,3040
10240,5536,4704,2720
10288,5696,4592,2880
10928,5680,5248,2960
11296,5872,5424,3760
11152,6480,4672,3280
11440,6240,5200,2400
10560,5408,5152,2320
10672,5456,5216,3280
10560,5648,4912,3200
10544,5920,4624,2800
10496,5648,4848,3440
10304,5472,4832,2640
9872,5536,4336,3840
10256,5488,4768,3200
10576,5728,4848,3200
10368,5376,4992,3760
10720,5984,4736,2480
10704,5792,4912,3760
11024,5776,5248,2960
10976,6000,4976,3440
9968,5744,4224,3200
10928,6080,4848,3040
10656,5968,4688,3680
10816,5968,4848,3520
9568,5360,4208,3280
9936,5296,4640,3120
9904,5360,4544,2640
10032,5856,4176,3840
9520,5280,4240,2560
10432,6096,4336,3360
10112,5664,4448,2880
10192,5584,4608,2720
10016,5488,4528,2240
10112,5328,4784,3200
9648,5376,4272,2800
9952,5488,4464,2720
10480,5904,4576,2320
9984,5616,4368,2480
9936,5232,4704,2800
10320,5584,4736,2240
10720,5952,4768,3040
10096,5616,4480,2640
9376,5024,4352,3200
9968,5840,4128,1840
10048,5696,4352,2720
10512,5680,4832,3040
9760,5536,4224,3440
10000,5408,4592,2880
9776,5552,4224,3520
10144,5808,4336,2960
10176,5440,4736,2560
9872,5520,4352,2720
9008,4928,4080,2320
9296,5408,3888,3360
9936,5520,4416,2320
10144,5536,4608,3760
9328,4928,4400,2880
10480,5584,4896,3120
10448,5520,4928,2800
11200,5888,5312,3200
10528,6176,4352,2880
9696,5392,4304,3120
9840,5248,4592,2400
9424,5344,4080,3120
9264,5120,4144,3920
9824,5424,4400,2800
9984,5616,4368,1920
9312,4992,4320,2800
8864,4784,4080,2560
9344,5424,3920,3200
9984,5776,4208,3200
9920,5024,4896,2880
9648,4896,4752,2640
10304,5552,4752,2640
9936,5408,4528,3120
9872,5488,4384,2560
10496,5376,5120,3200
9696,5328,4368,2480
10096,5408,4688,3520
8944,4816,4128,2800
9184,5008,4176,1840
9136,4832,4304,2720
8736,5168,3568,3520
9040,5120,3920,2960
9056,4624,4432,2400
8160,4288,3872,2400
8672,4400,4272,3120
9088,5104,3984,3760
9024,4832,4192,2880
9024,4960,4064,2640
