11024,5552,5472,6880
12144,5856,6288,8720
13552,6352,7200,8320
11104,5456,5648,4720
10000,4736,5264,5440
12752,6128,6624,8160
12736,6336,6400,9920
14288,6832,7456,8400
12224,6272,5952,6960
15632,7376,8256,12160
10848,5376,5472,6400
11648,5696,5952,7520
11392,5776,5616,6480
10672,5312,5360,6000
11312,5664,5648,7840
14016,7008,7008,7760
10944,5664,5280,5680
10720,5040,5680,6560
10496,5200,5296,7280
10768,5136,5632,6720
11712,5472,6240,9760
14416,6640,7776,12880
15248,7040,8208,10720
12624,5344,7280,8880
13680,6688,6992,8160
10736,5680,5056,5840
9888,5008,4880,6880
9520,4832,4688,6480
12000,6048,5952,6880
13024,6336,6688,8240
14608,7104,7504,8240
13856,6480,7376,10160
12384,6512,5872,7520
15776,7632,8144,10880
16624,7248,9376,11600
13328,6752,6576,9760
15664,7360,8304,8080
11392,6080,5312,6400
14016,6880,7136,7120
11264,5744,5520,8240
11072,5680,5392,6640
12544,5920,6624,8720
9792,4976,4816,7600
12464,6224,6240,10000
14208,6688,7520,10800
12384,5744,6640,8960
13104,6272,6832,8560
12144,5872,6272,7920
10864,5920,4944,6160
11824,6016,5808,7120
13280,6288,6992,8880
13184,6288,6896,9120
17408,8272,9136,12080
14288,7216,7072,9120
15520,7184,8336,11200
13920,7040,6880,8560
13856,6576,7280,9200
8720,4240,4480,5280
8944,4640,4304,5360
11680,5600,6080,7360
12848,6208,6640,7840
10992,5840,5152,5920
9632,4832,4800,6000
14176,6784,7392,8640
17040,7920,9120,12640
13648,6496,7152,8640
12048,5872,6176,8400
13552,6736,6816,11120
11280,5552,5728,6720
13872,6336,7536,8800
11216,5680,5536,6400
11328,5536,5792,4720
10704,5536,5168,4560
11744,5808,5936,6400
13440,6592,6848,9200
12448,6368,6080,9120
12992,6544,6448,8080
14208,7200,7008,8000
16048,7552,8496,13760
15360,7680,7680,12320
12384,6000,6384,9360
15200,7168,8032,10480
13232,6848,6384,9280
11568,5968,5600,7280
11776,5456,6320,7040
12224,5840,6384,7440
10640,5536,5104,6320
11520,5488,6032,9840
12352,5808,6544,8960
13632,6432,7200,9440
12592,6384,6208,8080
12128,5712,6416,8640
12608,6256,6352,8800
14208,6576,7632,8160
12512,6560,5952,6240
11360,5504,5856,7200
11040,5648,5392,7120
10816,5264,5552,5840
10752,5520,5232,6880
10672,5568,5104,5680
11696,5440,6256,8560
13456,6528,6928,6880
12368,6528,5840,7840
13968,6496,7472,9360
12400,6256,6144,6560
11856,5376,6480,8480
14016,6576,7440,8720
11296,5984,5312,6480
10352,4800,5552,7600
10512,4992,5520,7040
12640,6016,6624,8560
8992,4720,4272,4640
10832,5056,5776,6480
11696,5888,5808,7280
10416,5040,5376,5680
9712,5104,4608,5280
11488,5584,5904,9280
11360,5664,5696,8080
13072,6496,6576,9360
11872,5712,6160,8480
13872,6576,7296,10720
14448,6768,7680,9680
14560,6912,7648,9680
13888,6544,7344,9920
11504,5376,6128,8880
13136,6096,7040,9600
12912,6656,6256,7120
11856,5984,5872,8080
9904,5248,4656,6560
10224,5392,4832,6800
12720,6112,6608,10480
12464,6128,6336,8960
10256,4864,5392,7520
11536,5856,5680,8240
12176,6384,5792,7200
9120,4560,4560,5920
9728,4832,4896,5920
10160,4992,5168,7440
14112,6560,7552,10480
13136,6480,6656,9120
12192,6048,6144,7200
11104,5360,5744,7040
9632,4592,5040,5920
11888,5792,6096,7120
11312,5680,5632,7920
12304,6352,5952,5760
10960,5296,5664,8000
12560,6352,6208,7440
10880,5232,5648,6160
12400,6384,6016,7120
11584,5600,5984,7040
13408,6432,6976,10480
10800,5392,5408,7360
13584,5872,7712,11200
15008,7168,7840,10320
13392,6688,6704,6720
12688,6160,6528,7600
11424,5872,5552,6320
13120,6400,6720,8880
13360,6352,7008,10560
14352,6608,7744,12240
13568,6064,7504,9120
16080,7216,8864,9120
10864,5568,5296,6080
12560,6288,6272,7920
12352,6032,6320,9200
9504,5232,4272,5920
11168,5536,5632,6960
12352,5664,6688,7600
11424,5600,5824,5600
12576,6192,6384,8400
12096,5872,6224,7120
12048,5712,6336,8720
13120,6080,7040,8160
13632,6800,6832,10880
13168,6352,6816,7520
10848,5552,5296,5520
10624,4912,5712,7040
9664,4960,4704,6640
13824,6384,7440,11920
14160,5984,8176,11680
15600,7632,7968,11600
12688,6144,6544,8800
12944,6272,6672,7600
9920,5104,4816,6400
10048,5168,4880,6320
11184,5760,5424,6640
13376,6304,7072,8320
12576,6000,6576,7520
11472,5824,5648,8880
10912,5360,5552,6800
10944,5680,5264,7360
10048,5152,4896,6400
9568,4848,4720,4720
10384,5152,5232,5520
12592,5600,6992,8320
11904,6048,5856,8720
11600,6000,5600,6560
10272,5264,5008,5920
9904,5136,4768,5600
11392,5728,5664,6160
11968,5936,6032,7680
15408,7616,7792,9920
14208,6640,7568,10720
14416,6832,7584,8560
13568,6352,7216,9600
13200,6576,6624,8240
11504,5504,6000,6480
11216,5696,5520,6000
11488,6208,5280,7200
12912,6096,6816,7280
10880,5264,5616,7520
11568,5264,6304,6640
11664,6112,5552,7200
10896,5328,5568,7200
12288,5936,6352,7120
14784,6768,8016,10720
15840,7008,8832,9440
11888,6112,5776,6960
12496,6048,6448,8000
11776,6176,5600,7520
14224,6704,7520,9680
15600,7328,8272,10880
13136,6528,6608,6720
12064,6592,5472,7520
13296,6224,7072,8960
11904,6176,5728,6160
12432,5664,6768,7040
11856,6128,5728,7360
12944,6272,6672,9200
12352,6352,6000,8080
10224,5168,5056,5280
12512,6016,6496,8960
12848,6032,6816,8560
14160,6816,7344,9680
14192,7328,6864,9360
14048,6672,7376,10000
16816,7808,9008,12480
18944,9024,9920,14480
15200,6976,8224,11520
10384,5200,5184,6640
8992,4640,4352,4560
11264,5664,5600,7360
12656,5808,6848,7040
11136,5328,5808,6960
10944,5584,5360,7840
13168,6496,6672,7920
13424,6144,7280,8160
14048,6848,7200,12720
13200,6096,7104,12800
16592,7504,9088,12080
14032,6656,7376,8880
12976,6432,6544,9120
11872,5952,5920,6880
11392,5504,5888,6400
11947,5867,6080,8560
13072,6640,6432,7440
12416,5808,6608,7520
13632,6496,7136,10080
13104,6768,6336,9040
13440,6448,6992,8480
11072,5632,5440,6640
10176,5040,5136,6000
10656,5120,5536,5600
8864,4544,4320,5200
10384,5440,4944,6960
12176,5760,6416,8480
13584,6480,7104,8240
12160,6496,5664,6800
12384,6320,6064,7200
11760,5696,6064,7840
15264,7232,8032,10880
15296,7312,7984,10400
15040,7104,7936,11520
12832,6432,6400,6640
12688,6560,6128,9120
14352,6784,7568,9440
13168,6704,6464,9120
11280,5616,5664,6640
13232,6512,6720,10000
13952,6496,7456,9440
15888,7248,8640,10000
14544,7376,7168,10080
13664,6496,7168,9760
10752,5344,5408,6400
10208,5440,4768,5600
12208,6032,6176,10080
13136,6144,6992,7600
12416,5920,6496,7840
10720,5456,5264,6560
12160,5872,6288,8960
14896,7088,7808,11520
15680,7712,7968,11280
11296,5568,5728,6960
11888,5968,5920,8080
11616,5712,5904,7840
10528,5168,5360,7120
12032,5728,6304,6400
13520,6432,7088,8720
9712,5552,4160,4960
10288,5360,4928,6000
10272,5472,4800,7120
12128,5488,6640,6560
11024,5520,5504,6720
11856,5808,6048,6800
11440,5072,6368,8000
11744,5744,6000,8320
12176,6160,6016,7840
12480,6240,6240,6880
12368,6016,6352,8080
10960,5168,5792,7920
12560,6112,6448,8480
12336,6160,6176,9200
10576,5440,5136,6320
11552,5744,5808,6400
12832,6080,6752,8720
14608,7088,7520,9040
14144,7312,6832,8480
14096,6848,7248,8720
14304,6560,7744,11680
14944,6720,8224,9840
15616,7072,8544,10000
12352,5984,6368,6480
12144,6160,5984,8880
11904,5984,5920,7680
12672,6352,6320,6960
12064,5920,6144,9760
14224,6912,7312,9600
11968,5840,6128,6720
13408,6608,6800,8000
12560,5616,6944,8080
15664,7232,8432,10320
15056,7376,7680,8960
13952,6576,7376,7520
14960,7216,7744,11520
12896,6720,6176,7440
12976,6304,6672,7120
12688,6544,6144,6560
12208,5968,6240,6960
13392,6752,6640,8560
13152,6496,6656,7600
12592,5936,6656,7360
16832,7904,8928,9440
14560,7376,7184,10000
12608,6240,6368,7760
13440,6752,6688,8800
15328,7312,8016,11200
14960,7296,7664,9280
14656,7216,7440,8800
13584,6368,7216,8480
14976,7104,7872,9600
15712,7440,8272,11040
14880,7168,7712,9680
15472,7232,8240,8960
13680,7232,6448,8000
14384,7072,7312,8800
14144,6800,7344,8160
13424,6736,6688,8720
15856,7888,7968,9680
15264,7360,7904,9840
15600,7840,7760,10240
13120,6432,6688,8000
11984,6272,5712,6320
12416,5952,6464,8080
15184,7248,7936,9920
13328,6848,6480,7040
11664,6304,5360,7200
12720,6784,5936,7760
17136,7968,9168,12400
15680,7376,8304,11120
13744,6656,7088,8320
11136,5584,5552,6560
10736,5888,4848,6960
11232,5520,5712,7280
10848,5648,5200,6080
13504,6192,7312,8880
16800,8144,8656,12560
16944,7648,9296,10800
14608,7168,7440,7200
13264,6688,6576,7760
13056,6384,6672,8080
13376,6448,6928,10480
14496,6240,8256,8240
16928,7632,9296,12080
14064,6592,7472,9120
13792,6576,7216,9760
12832,6608,6224,6240
12896,6672,6224,8960
12848,6368,6480,9600
11152,5904,5248,7040
14752,7248,7504,11040
15616,7616,8000,12080
19392,9024,10368,14080
12112,6320,5792,7520
10624,5200,5424,7280
11904,6320,5584,6800
12656,6240,6416,7120
14240,6864,7376,9760
14720,6720,8000,8080
12752,6224,6528,8400
12912,6416,6496,7760
12752,6128,6624,8080
10784,5232,5552,6000
13472,6640,6832,7520
13920,7360,6560,8000
12784,6240,6544,8720
13024,6512,6512,8240
15248,7024,8224,9280
11920,6272,5648,8080
10864,5664,5200,5760
12528,6000,6528,7760
12288,5840,6448,7760
11632,5952,5680,6240
12096,6496,5600,7200
12480,6032,6448,8320
15008,7440,7568,9200
13696,6928,6768,6640
13424,6848,6576,7680
14768,6784,7984,7840
14704,7200,7504,6000
14720,7040,7680,9520
15600,7136,8464,9600
17920,8432,9488,9840
16304,7568,8736,10640
16224,8176,8048,8800
15488,7856,7632,8000
16144,7856,8288,10240
15792,7840,7952,9040
13072,6592,6480,8880
15232,7296,7936,11520
16048,7760,8288,10400
17136,8192,8944,9680
16992,7872,9120,9760
12768,6416,6352,6880
13536,6384,7152,8160
15056,6912,8144,11040
16912,8272,8640,10960
12000,5760,6240,8320
15280,7472,7808,9360
15456,7200,8256,11280
14992,7920,7072,10000
14976,7168,7808,8240
12960,6416,6544,7840
12544,6480,6064,9280
17184,8032,9152,10400
13216,6800,6416,7040
12272,5824,6448,7280
13552,6864,6688,6320
12848,6624,6224,7920
14512,7216,7296,6800
15408,7904,7504,9920
15440,7712,7728,8240
13488,6864,6624,7920
11792,6112,5680,6720
11712,5952,5760,7440
12848,6432,6416,7360
14000,6864,7136,8960
14576,7136,7440,11120
12240,6224,6016,6480
15712,7760,7952,7520
14960,7264,7696,8160
13776,6720,7056,8320
14560,7328,7232,8800
16960,8112,8848,12880
17824,8160,9664,11760
18400,8208,10192,11200
18176,8192,9984,10480
14144,6784,7360,9360
16032,7680,8352,8320
11744,5776,5968,7600
14560,6928,7632,9200
12016,6400,5616,7840
12256,6128,6128,8800
11024,5456,5568,4640
10960,5792,5168,5280
10000,5088,4912,6240
10304,5088,5216,4480
12704,6192,6512,8560
13168,6416,6752,10080
16256,7456,8800,11280
